sortOrder,id,name_cn,description,price_adult_regular,price_adult_phone,price_child_regular,price_child_phone,price_over65,price_under25,price_under18,price_under15,price_free,bestFor,duration,validityPeriod_startDate,validityPeriod_endDate,validityPeriod_description,coverage_regions,coverage_map,targetAudience,trainTypes,officialLinks,purchaseLinks,category,popularity,isLimitedPeriod,ticket_note
1,hokusinetu_1,信州ワンデーパス,"信州ワンデーパス || 関連情報 | ＪＲ東日本 || 問合わせ | ＪＲ東日本 TEL: || フリー区間 | 信州ワンデーパス / || 利用可能設備 | 新幹線特急・急行快速・普通 グリーンライナー指定自由 ▲▲▲▲▲○ ○：乗車可 ▲：乗車券のみ有効 ×：乗車不可 / || 制限事項 || ねだん | おとな：2,830円 こども：1,110円 || 有効期間 | １日間 || 発売期間 | 通年 || 利用期間 | 通年 || 発売箇所 | フリー区間内のＪＲ駅のみどりの窓口,びゅうプラザ
相关信息: ＪＲ東日本
咨询: ＪＲ東日本 TEL:","おとな：2,830円 こども：1,110円",,,,,,,,,,１日間,通年,,通年,,https://www2s.biglobe.ne.jp/~t_aoyagi/railway/free/gazou/jreast63.jpg | https://www2s.biglobe.ne.jp/~t_aoyagi/railway/free/map/jreast66.gif,,新幹線特急・急行快速・普通 グリーンライナー指定自由 ▲▲▲▲▲○ ○：乗車可 ▲：乗車券のみ有効 ×：乗車不可 /,https://www2s.biglobe.ne.jp/~t_aoyagi/railway/free/jreast66.htm | http://www.jreast.co.jp/tickets/info.aspx?GoodsCd=2466,"フリー区間内のＪＲ駅のみどりの窓口,びゅうプラザ",,,,
2,hokusinetu_2,えちごワンデーパス,"えちごワンデーパス || 関連情報 | ＪＲ東日本 || 問合わせ | ＪＲ東日本 TEL: || フリー区間 | えちごワンデーパス / || 利用可能設備 | 新幹線特急・急行快速・普通 グリーンライナー指定自由 ▲▲▲▲▲○ ○：乗車可 ▲：乗車券のみ有効 ×：乗車不可 / || 制限事項 || ねだん | 大人：1,570円／小人：780円 || 有効期間 | １日 || 発売期間 | ～2025年3月31日 || 利用期間 | ～2025年3月31日 || 発売箇所 | フリー区間内の主な駅
相关信息: ＪＲ東日本
咨询: ＪＲ東日本 TEL:","大人：1,570円／小人：780円",,,,,,,,,,１日,～2025年3月31日,,～2025年3月31日,,https://www2s.biglobe.ne.jp/~t_aoyagi/railway/free/map/jreast58.gif,,新幹線特急・急行快速・普通 グリーンライナー指定自由 ▲▲▲▲▲○ ○：乗車可 ▲：乗車券のみ有効 ×：乗車不可 /,https://www2s.biglobe.ne.jp/~t_aoyagi/railway/free/jreast58.htm | http://www.jreast.co.jp/tickets/info.aspx?GoodsCd=2499,フリー区間内の主な駅,,,,
3,hokusinetu_3,えちごツーデーパス,"えちごツーデーパス || 関連情報 | ＪＲ東日本 || 問合わせ | ＪＲ東日本 TEL: || フリー区間 | えちごツーデーパス / || 利用可能設備 | 新幹線特急・急行快速・普通 グリーンライナー指定自由 ▲▲▲▲▲○ ○：乗車可 ▲：乗車券のみ有効 ×：乗車不可 / || 制限事項 || ねだん | 大人：3,300円／小人：1,650円 / || 有効期間 | ２日間 || 発売期間 | ～2027年3月27日 / || 利用期間 | ～2027年3月28日までの金･土･日･祝日,GW,夏休み及び年末年始及びその他設定日の連続する２日間 / 詳細は、こちらによる。 / || 発売箇所 | フリー区間内の主な駅 / えちごトキめき鉄道：春日山,高田,新井,妙高高原,糸魚川
相关信息: ＪＲ東日本
咨询: ＪＲ東日本 TEL:","大人：3,300円／小人：1,650円 /",,,,,,,,,,２日間,～2027年3月27日 /,,"～2027年3月28日までの金･土･日･祝日,GW,夏休み及び年末年始及びその他設定日の連続する２日間 / 詳細は、こちらによる。 /",,https://www2s.biglobe.ne.jp/~t_aoyagi/railway/free/map/jreast60.gif,,新幹線特急・急行快速・普通 グリーンライナー指定自由 ▲▲▲▲▲○ ○：乗車可 ▲：乗車券のみ有効 ×：乗車不可 /,https://www2s.biglobe.ne.jp/~t_aoyagi/railway/free/jreast60.htm | http://www.jreast.co.jp/tickets/info.aspx?GoodsCd=2993 | https://www.jreast.co.jp/tickets/pdfFile.aspx?GoodsCd=2993&No=07,"フリー区間内の主な駅 / えちごトキめき鉄道：春日山,高田,新井,妙高高原,糸魚川",,,,
4,hokusinetu_4,北陸おでかけtabiwaパス 【当日購入不可】,"北陸おでかけtabiwaパス || 関連情報 | tabiwa || 問合わせ | ＪＲ西日本 || フリー区間 | 北陸おでかけtabiwaパス || 利用可能設備 | 新幹線ＪＲ特急・急行快速・普通 ライナー指定自由 ×▲▲▲○ ○：乗車可 ▲：乗車券のみ有効 ×：乗車不可 / || 制限事項 | 普通列車(新快速・快速を含む)の普通車自由席に乗車可。 特急・急行列車は、別途特急券、急行券等が必要。 新幹線には乗車できない。 || ねだん | 大人：2,950円／小人：1,180円 || 有効期間 | １日間 || 発売期間 | 2026年3月1日～2027年3月28日 / 3日前まで || 利用期間 | 2026年4月1日～2027年3月31日 || 発売箇所 | tabiwa
限制事项: 普通列車(新快速・快速を含む)の普通車自由席に乗車可。 特急・急行列車は、別途特急券、急行券等が必要。 新幹線には乗車できない。
相关信息: tabiwa
咨询: ＪＲ西日本","大人：2,950円／小人：1,180円",,,,,,,,,,１日間,2026年3月1日～2027年3月28日 / 3日前まで,,2026年4月1日～2027年3月31日,,https://www2s.biglobe.ne.jp/~t_aoyagi/railway/free/map/jrwest41.gif,,新幹線ＪＲ特急・急行快速・普通 ライナー指定自由 ×▲▲▲○ ○：乗車可 ▲：乗車券のみ有効 ×：乗車不可 /,https://www2s.biglobe.ne.jp/~t_aoyagi/railway/free/jrwest41.htm | https://app.tabi-wester.westjr.co.jp/eticketDetails?ticket_id=J0001100,tabiwa,,,,
5,hokusinetu_5,金沢能登tabiwaパス,"金沢能登tabiwaパス || 関連情報 | tabiwa || 問合わせ | ＪＲ西日本 || フリー区間 | 金沢能登tabiwaパス || 利用可能設備 | 新幹線ＪＲ特急・急行快速・普通 ライナー指定自由 ×▲▲▲○ ○：乗車可 ▲：乗車券のみ有効 ×：乗車不可 / || 制限事項 | 普通列車(新快速・快速を含む)の普通車自由席に乗車可。 特急・急行列車は、別途特急券、急行券等が必要。 新幹線には乗車できない。 || ねだん | 大人：3,250円／小人：1,620円 || 有効期間 | 2日間 || 発売期間 | 2026年3月1日～2027年3月31日 || 利用期間 | 2026年4月1日～2027年4月1日 || 発売箇所 | tabiwa
限制事项: 普通列車(新快速・快速を含む)の普通車自由席に乗車可。 特急・急行列車は、別途特急券、急行券等が必要。 新幹線には乗車できない。
相关信息: tabiwa
咨询: ＪＲ西日本","大人：3,250円／小人：1,620円",,,,,,,,,,2日間,2026年3月1日～2027年3月31日,,2026年4月1日～2027年4月1日,,https://www2s.biglobe.ne.jp/~t_aoyagi/railway/free/map/jrwest46.gif,,新幹線ＪＲ特急・急行快速・普通 ライナー指定自由 ×▲▲▲○ ○：乗車可 ▲：乗車券のみ有効 ×：乗車不可 /,https://www2s.biglobe.ne.jp/~t_aoyagi/railway/free/jrwest46.htm | https://app.tabi-wester.westjr.co.jp/eticketDetails?ticket_id=J0001500,tabiwa,,,,
6,hokusinetu_6,小浜線tabiwaパス,"小浜線tabiwaパス || 関連情報 | tabiwa || 問合わせ | ＪＲ西日本 || フリー区間 | 小浜線tabiwaパス || 利用可能設備 | 新幹線ＪＲ特急・急行快速・普通 ライナー指定自由 ×▲▲▲○ ○：乗車可 ▲：乗車券のみ有効 ×：乗車不可 / || 制限事項 | 普通列車(新快速・快速を含む)の普通車自由席に乗車可。 特急・急行列車は、別途特急券、急行券等が必要。 新幹線には乗車できない。 || ねだん | 大人：2,200円／小人：1,600円 || 有効期間 | ２日間 || 発売期間 | 2026年3月1日～2027年3月31日 || 利用期間 | 2026年4月1日～2027年4月1日 || 発売箇所 | tabiwa
限制事项: 普通列車(新快速・快速を含む)の普通車自由席に乗車可。 特急・急行列車は、別途特急券、急行券等が必要。 新幹線には乗車できない。
相关信息: tabiwa
咨询: ＪＲ西日本","大人：2,200円／小人：1,600円",,,,,,,,,,２日間,2026年3月1日～2027年3月31日,,2026年4月1日～2027年4月1日,,https://www2s.biglobe.ne.jp/~t_aoyagi/railway/free/map/jrwest34.gif,,新幹線ＪＲ特急・急行快速・普通 ライナー指定自由 ×▲▲▲○ ○：乗車可 ▲：乗車券のみ有効 ×：乗車不可 /,https://www2s.biglobe.ne.jp/~t_aoyagi/railway/free/jrwest40.htm | https://app.tabi-wester.westjr.co.jp/eticketDetails?ticket_id=J0001200,tabiwa,,,,
7,hokusinetu_7,越前tabiwaパス,"越前tabiwaパス || 関連情報 | tabiwa || 問合わせ | ＪＲ西日本 || フリー区間 | 越前tabiwaパス || 利用可能設備 | 新幹線ＪＲ特急・急行快速・普通 ライナー指定自由 ×▲▲▲○ ○：乗車可 ▲：乗車券のみ有効 ×：乗車不可 / || 制限事項 | 普通列車(新快速・快速を含む)の普通車自由席に乗車可。 特急・急行列車は、別途特急券、急行券等が必要。 新幹線には乗車できない。 || ねだん | 大人：2,300円／小人：1,200円 || 有効期間 | ２日間 || 発売期間 | 2026年3月1日～2027年3月31日 || 利用期間 | 2026年4月1日～2027年4月1日 || 発売箇所 | tabiwa
限制事项: 普通列車(新快速・快速を含む)の普通車自由席に乗車可。 特急・急行列車は、別途特急券、急行券等が必要。 新幹線には乗車できない。
相关信息: tabiwa
咨询: ＪＲ西日本","大人：2,300円／小人：1,200円",,,,,,,,,,２日間,2026年3月1日～2027年3月31日,,2026年4月1日～2027年4月1日,,https://www2s.biglobe.ne.jp/~t_aoyagi/railway/free/map/jrwest42.gif,,新幹線ＪＲ特急・急行快速・普通 ライナー指定自由 ×▲▲▲○ ○：乗車可 ▲：乗車券のみ有効 ×：乗車不可 /,https://www2s.biglobe.ne.jp/~t_aoyagi/railway/free/jrwest42.htm | https://app.tabi-wester.westjr.co.jp/eticketDetails?ticket_id=J0001300,tabiwa,,,,
8,hokusinetu_8,とやま周遊２dayパス,"とやま周遊２dayパス || 関連情報 | tabiwa 富山地方鉄道 あいの風とやま鉄道 万葉線 / myroute || 問合わせ | 富山myroute推進協議会 / || フリー区間 | とやま周遊２dayパス || 利用可能設備 | 新幹線ＪＲ特急・急行快速・普通 ライナー指定自由 ×▲▲▲○ ○：乗車可 ▲：乗車券のみ有効 ×：乗車不可 / || 制限事項 | 普通列車(新快速・快速を含む)の普通車自由席に乗車可。 特急・急行列車は、別途特急券、急行券等が必要。 新幹線には乗車できない。 || ねだん | 大人：1,550円／小人：770円 || 有効期間 | ２日間 || 発売期間 | 2026年3月1日～2027年3月31日 || 利用期間 | 2026年4月1日～2027年4月1日 || 発売箇所 | tabiwa my route(マイルート)
限制事项: 普通列車(新快速・快速を含む)の普通車自由席に乗車可。 特急・急行列車は、別途特急券、急行券等が必要。 新幹線には乗車できない。
相关信息: tabiwa 富山地方鉄道 あいの風とやま鉄道 万葉線 / myroute
咨询: 富山myroute推進協議会 /","大人：1,550円／小人：770円",,,,,,,,,,２日間,2026年3月1日～2027年3月31日,,2026年4月1日～2027年4月1日,,https://www2s.biglobe.ne.jp/~t_aoyagi/railway/free/map/jrwest38.gif,,新幹線ＪＲ特急・急行快速・普通 ライナー指定自由 ×▲▲▲○ ○：乗車可 ▲：乗車券のみ有効 ×：乗車不可 /,https://www2s.biglobe.ne.jp/~t_aoyagi/railway/free/jrwest39.htm | https://app.tabi-wester.westjr.co.jp/eticketDetails?ticket_id=J0001600 | https://top.myroute.fun/ticket/toyama#toyamawide | https://toyama-city.myroute.fun/info/459/ | https://www.chitetsu.co.jp/?p=63386,tabiwa my route(マイルート),,,,
9,hokusinetu_9,WESTERポイント 北陸新幹線フリーパス（全ポイント）,"WESTERポイント 北陸新幹線フリーパス（全ポイント） || 関連情報 | JRおでかけネット || 問合わせ | ＪＲ西日本 || フリー区間 | WESTERポイント 北陸新幹線フリーパス（全ポイント） || 利用可能設備 | 東海道新幹線山陽新幹線北陸新幹線在来線特急・急行快速・普通 グリーン車普通車指定普通車自由グランクラスグリーン車普通車指定普通車自由寝台車グリーン車普通車指定普通車自由グリーン車指定グリーン車自由ライナー指定自由 －－－－×▲△○－－－－－－－－－ ○：乗車可 ▲：乗車券のみ有効 △：6回まで / ×：乗車不可 －：設定なし / || 制限事項 | WESTERポイントでのみ購入可能 指定席は6回まで利用可能 指定席が満席の場合は立席が利用可能 || ねだん | 大人：3,000ポイント／小人：1,500ポイント || 有効期間 | ３日間 || 発売期間 | 2025年9月1日～2025年12月23日 || 利用期間 | 2025年10月1日～2025年21月25日 || 発売箇所 | JRおでかけネット
限制事项: WESTERポイントでのみ購入可能 指定席は6回まで利用可能 指定席が満席の場合は立席が利用可能
相关信息: JRおでかけネット
咨询: ＪＲ西日本","大人：3,000ポイント／小人：1,500ポイント",,,,,,,,,,３日間,2025年9月1日～2025年12月23日,,2025年10月1日～2025年21月25日,,https://www2s.biglobe.ne.jp/~t_aoyagi/railway/free/map/jrwest44.gif,,東海道新幹線山陽新幹線北陸新幹線在来線特急・急行快速・普通 グリーン車普通車指定普通車自由グランクラスグリーン車普通車指定普通車自由寝台車グリーン車普通車指定普通車自由グリーン車指定グリーン車自由ライナー指定自由 －－－－×▲△○－－－－－－－－－ ○：乗車可 ▲：乗車券のみ有効 △：6回まで / ×：乗車不可 －：設定なし /,https://www2s.biglobe.ne.jp/~t_aoyagi/railway/free/jrwest44.htm | https://tickets.jr-odekake.net/shohindb/view/consumer/tokutoku/detail.html?shnId=125000259 | https://www.jr-odekake.net/goyoyaku/campaign/hokurikufree/,JRおでかけネット,,,,
10,hokusinetu_10,WESTERポイント 北陸新幹線フリーパス（一部ポイント）,"WESTERポイント 北陸新幹線フリーパス（一部ポイント） || 関連情報 | JRおでかけネット || 問合わせ | ＪＲ西日本 || フリー区間 | WESTERポイント 北陸新幹線フリーパス（一部ポイント） || 利用可能設備 | 東海道新幹線山陽新幹線北陸新幹線在来線特急・急行快速・普通 グリーン車普通車指定普通車自由グランクラスグリーン車普通車指定普通車自由寝台車グリーン車普通車指定普通車自由グリーン車指定グリーン車自由ライナー指定自由 －－－－×▲△○－－－－－－－－－ ○：乗車可 ▲：乗車券のみ有効 △：6回まで / ×：乗車不可 －：設定なし / || 制限事項 | WESTERポイントでのみ購入可能 指定席は6回まで利用可能 指定席が満席の場合は立席が利用可能 || ねだん | 大人：110ポイント＋10,110円／小人：110ポイント＋5,110円 || 有効期間 | ３日間 || 発売期間 | 2025年9月1日～2025年12月23日 || 利用期間 | 2025年10月1日～2025年21月25日 || 発売箇所 | JRおでかけネット
限制事项: WESTERポイントでのみ購入可能 指定席は6回まで利用可能 指定席が満席の場合は立席が利用可能
相关信息: JRおでかけネット
咨询: ＪＲ西日本","大人：110ポイント＋10,110円／小人：110ポイント＋5,110円",,,,,,,,,,３日間,2025年9月1日～2025年12月23日,,2025年10月1日～2025年21月25日,,https://www2s.biglobe.ne.jp/~t_aoyagi/railway/free/map/jrwest44.gif,,東海道新幹線山陽新幹線北陸新幹線在来線特急・急行快速・普通 グリーン車普通車指定普通車自由グランクラスグリーン車普通車指定普通車自由寝台車グリーン車普通車指定普通車自由グリーン車指定グリーン車自由ライナー指定自由 －－－－×▲△○－－－－－－－－－ ○：乗車可 ▲：乗車券のみ有効 △：6回まで / ×：乗車不可 －：設定なし /,https://www2s.biglobe.ne.jp/~t_aoyagi/railway/free/jrwest45.htm | https://tickets.jr-odekake.net/shohindb/view/consumer/tokutoku/detail.html?shnId=125000258,JRおでかけネット,,,,
11,hokusinetu_11,ほくほくワンデーパス,"ほくほくワンデーパス || 関連情報 | 北越急行 || 問合わせ | 北越急行 TEL:025-752-0770 || フリー区間 | / ほくほくワンデーパス || 制限事項 | 特急利用不可 || ねだん | 大人：1,800円／小人：900円 || 有効期間 | 1日間 || 発売期間 | 利用当日のみ || 利用期間 | 通年 || 発売箇所 | 窓口：ほくほく線・十日町駅,えちごトキめき鉄道・直江津駅 / 券売機：六日町(改札内),魚沼丘陵,しんざ,十日町,まつだい,ほくほく大島,虫川大杉,うらがわら,くびき / ほくほく線列車内 / セブンチケット
限制事项: 特急利用不可
相关信息: 北越急行
咨询: 北越急行 TEL:025-752-0770","大人：1,800円／小人：900円",,,,,,,,,,1日間,利用当日のみ,,通年,,https://www2s.biglobe.ne.jp/~t_aoyagi/railway/free/map/hokuhoku.gif,,,https://www2s.biglobe.ne.jp/~t_aoyagi/railway/free/hokuhoku01.htm | https://7ticket.jp/s/114268/d | https://hokuhoku.co.jp/pdf/oneday.pdf,"窓口：ほくほく線・十日町駅,えちごトキめき鉄道・直江津駅 / 券売機：六日町(改札内),魚沼丘陵,しんざ,十日町,まつだい,ほくほく大島,虫川大杉,うらがわら,くびき / ほくほく線列車内 / セブンチケット",,,,
12,hokusinetu_12,ほくほく線 周学ミステリーパス,"ほくほく線 周学ミステリーパス || 関連情報 | 北越急行 || 問合わせ | 北越急行 TEL:025-750-1251 || フリー区間 | / ほくほく線 周学ミステリーパス || 制限事項 || ねだん | 大人：1,400円 || 有効期間 | 1日間 || 発売期間 | 2024年10月1日～2024年11月30日 || 利用期間 | 2024年10月1日～2024年11月30日 || 発売箇所 | 十日町 / 松代･松之山温泉観光案内所(まつだい駅隣接 )
相关信息: 北越急行
咨询: 北越急行 TEL:025-750-1251","大人：1,400円",,,,,,,,,,1日間,2024年10月1日～2024年11月30日,,2024年10月1日～2024年11月30日,,https://www2s.biglobe.ne.jp/~t_aoyagi/railway/free/map/hokuhoku91.gif,,,https://www2s.biglobe.ne.jp/~t_aoyagi/railway/free/hokuhoku92.htm | https://www.hokuhoku.co.jp/press/20240927.pdf,十日町 / 松代･松之山温泉観光案内所(まつだい駅隣接 ),,,,
13,hokusinetu_13,トキ鉄ツアーパス,"トキ鉄ツアーパス || 関連情報 | えちごトキめき鉄道 あいの風とやま鉄道 || 問合わせ | 直江津駅 TEL:025-543-3160 || フリー区間 | トキ鉄ツアーパス || 制限事項 | 特急「しらゆき」の普通車自由席に乗車可。「えちごトキめきリゾート雪月花」は乗車不可 || ねだん | 大人：2,400円／小人：1,200円 || 有効期間 | １日間 || 発売期間 | 通年 || 利用期間 | 通年 || 発売箇所 | えちごトキめき鉄道：直江津,春日山,高田,上越妙高,新井,関山,妙高高原,能生,糸魚川,えちごトキめき鉄道列車内 / あいの風とやま鉄道：泊
限制事项: 特急「しらゆき」の普通車自由席に乗車可。「えちごトキめきリゾート雪月花」は乗車不可
相关信息: えちごトキめき鉄道 あいの風とやま鉄道
咨询: 直江津駅 TEL:025-543-3160","大人：2,400円／小人：1,200円",,,,,,,,,,１日間,通年,,通年,,https://www2s.biglobe.ne.jp/~t_aoyagi/railway/free/map/echigotokimeki.gif,,,https://www2s.biglobe.ne.jp/~t_aoyagi/railway/free/echigo03.htm | http://www.echigo-tokimeki.co.jp/ticket/plan/#tokitetsutour | https://ainokaze.co.jp/ticket/plan#s08,"えちごトキめき鉄道：直江津,春日山,高田,上越妙高,新井,関山,妙高高原,能生,糸魚川,えちごトキめき鉄道列車内 / あいの風とやま鉄道：泊",,,,
14,hokusinetu_14,トキ鉄18きっぷ,"トキ鉄18きっぷ || 関連情報 | えちごトキめき鉄道 || 問合わせ | えちごトキめき鉄道総務企画部営業課 TEL:025-546-5521 || フリー区間 | トキ鉄18きっぷ || 制限事項 | 当日有効の「青春18きっぷ」を所持する場合に発売。特急「しらゆき」乗車は乗車不可。えちごトキめきリゾート雪月花は乗車不可 || ねだん | 大人：1,200円 || 有効期間 | １日間 || 発売期間 | 2026年3月1日～2026年4月10日 / 2026年7月18日～2026年9月8日 / 2026年12月11日～2027年1月11日 / || 利用期間 | 発売当日限り || 発売箇所 | 直江津,春日山,高田,上越妙高,新井,妙高高原,能生,糸魚川,えちごトキめき鉄道列車内
限制事项: 当日有効の「青春18きっぷ」を所持する場合に発売。特急「しらゆき」乗車は乗車不可。えちごトキめきリゾート雪月花は乗車不可
相关信息: えちごトキめき鉄道
咨询: えちごトキめき鉄道総務企画部営業課 TEL:025-546-5521","大人：1,200円",,,,,,,,,,１日間,2026年3月1日～2026年4月10日 / 2026年7月18日～2026年9月8日 / 2026年12月11日～2027年1月11日 /,,発売当日限り,,https://www2s.biglobe.ne.jp/~t_aoyagi/railway/free/map/echigotokimeki.gif,,,https://www2s.biglobe.ne.jp/~t_aoyagi/railway/free/echigo93.htm | https://www.echigo-tokimeki.co.jp/information/detail?id=2252,"直江津,春日山,高田,上越妙高,新井,妙高高原,能生,糸魚川,えちごトキめき鉄道列車内",,,,
15,hokusinetu_15,じもパス 【会員】,"じもパス || 関連情報 | えちごトキめき鉄道 || 問合わせ | 直江津駅 TEL:025-543-3160 || フリー区間 | じもパス || 制限事項 | 妙高市,上越市,糸魚川市在住の方ならびにトキてつサポーターズクラブ会員限定 特急「しらゆき」乗車は別途特急券必要。 「越乃Shu*Kura」,「えちごトキめきリゾート雪月花」は乗車不可 シルバー用は満70歳以上の方が対象 免許返納用は運転経歴証明書をお持ちの方が対象 購入時に、運転免許証、保険証や学生証等で住所、年齢等の確認。利用時は各証明書等の携帯が必要。 || ねだん | 大人：1,800円／小人：600円 / シルバー：600円 免許返納：600円 || 有効期間 | １日間 || 発売期間 | 通年 || 利用期間 | 通年 || 発売箇所 | 直江津,春日山,高田,上越妙高,新井,妙高高原,能生,糸魚川 / えちごトキめき鉄道列車内
限制事项: 妙高市,上越市,糸魚川市在住の方ならびにトキてつサポーターズクラブ会員限定 特急「しらゆき」乗車は別途特急券必要。 「越乃Shu*Kura」,「えちごトキめきリゾート雪月花」は乗車不可 シルバー用は満70歳以上の方が対象 免許返納用は運転経歴証明書をお持ちの方が対象 購入時に、運転免許証、保険証や学生証等で住所、年齢等の確認。利用時は各証明書等の携帯が必要。
相关信息: えちごトキめき鉄道
咨询: 直江津駅 TEL:025-543-3160","大人：1,800円／小人：600円 / シルバー：600円 免許返納：600円",,,,,,,,,,１日間,通年,,通年,,https://www2s.biglobe.ne.jp/~t_aoyagi/railway/free/map/echigotokimeki.gif,,,https://www2s.biglobe.ne.jp/~t_aoyagi/railway/free/echigo02.htm | http://www.echigo-tokimeki.co.jp/ticket/plan/#jimo,"直江津,春日山,高田,上越妙高,新井,妙高高原,能生,糸魚川 / えちごトキめき鉄道列車内",,,,
16,hokusinetu_16,開業10周年記念 トキ鉄フリーきっぷ,"開業10周年記念 / トキ鉄フリーきっぷ || 関連情報 | えちごトキめき鉄道 || 問合わせ | えちごトキめき鉄道総務企画部営業課 TEL:025-546-5521 || フリー区間 | 開業10周年記念 トキ鉄フリーきっぷ || 制限事項 | 「特急列車」乗車不可「えちごトキめきリゾート雪月花号」乗車不可 || ねだん | 大人：1,000円 || 有効期間 | １日 || 発売期間 | 2025年3月14日～2025年10月11日 || 利用期間 | 2025年3月15日,3月16日,5月3日,7月5日,10月11日 || 発売箇所 | 直江津,春日山,高田,上越妙高,新井,妙高高原,能生,糸魚川 / Yahoo！公式ネットショップ
限制事项: 「特急列車」乗車不可「えちごトキめきリゾート雪月花号」乗車不可
相关信息: えちごトキめき鉄道
咨询: えちごトキめき鉄道総務企画部営業課 TEL:025-546-5521","大人：1,000円",,,,,,,,,,１日,2025年3月14日～2025年10月11日,,"2025年3月15日,3月16日,5月3日,7月5日,10月11日",,https://www2s.biglobe.ne.jp/~t_aoyagi/railway/free/gazou/echigo91.jpg | https://www2s.biglobe.ne.jp/~t_aoyagi/railway/free/map/echigotokimeki.gif,,,https://www2s.biglobe.ne.jp/~t_aoyagi/railway/free/echigo91.htm | https://store.shopping.yahoo.co.jp/tokitetsu-official/ | https://www.echigo-tokimeki.co.jp/information/detail?id=2325,"直江津,春日山,高田,上越妙高,新井,妙高高原,能生,糸魚川 / Yahoo！公式ネットショップ",,,,
17,hokusinetu_17,1日まるまるフリーきっぷ,"1日まるまるフリーきっぷ || 関連情報 | 上田電鉄 || 問合わせ | 上田電鉄・運輸部 TEL:0268-39-7117 || フリー区間 | 1日まるまるフリーきっぷ / || 制限事項 || ねだん | 大人：1,180円／小人：600円 || 有効期間 | 1日間 || 発売期間 | 通年 || 利用期間 | 通年 || 発売箇所 | 窓口：上田 / 券売機設置駅：上田,赤坂上,上田原,大学前,下之郷,別所温泉
相关信息: 上田電鉄
咨询: 上田電鉄・運輸部 TEL:0268-39-7117","大人：1,180円／小人：600円",,,,,,,,,,1日間,通年,,通年,,https://www2s.biglobe.ne.jp/~t_aoyagi/railway/free/map/ueda01.gif,,,https://www2s.biglobe.ne.jp/~t_aoyagi/railway/free/ueda02.htm | https://www.uedadentetsu.com/news/post-2961.html,"窓口：上田 / 券売機設置駅：上田,赤坂上,上田原,大学前,下之郷,別所温泉",,,,
18,hokusinetu_18,軽井沢・別所温泉フリーきっぷ,"軽井沢・別所温泉フリーきっぷ || 関連情報 | しなの鉄道 上田電鉄 || 問合わせ | しなの鉄道営業課 TEL:0268-21-4702 || フリー区間 | / 軽井沢・別所温泉フリーきっぷ / || 制限事項 || ねだん | 大人：1,880円／小人：940円 || 有効期間 | １日 || 発売期間 | 通年 || 利用期間 | 通年 || 発売箇所 | しなの鉄道デジタルチケット販売サイト
相关信息: しなの鉄道 上田電鉄
咨询: しなの鉄道営業課 TEL:0268-21-4702","大人：1,880円／小人：940円",,,,,,,,,,１日,通年,,通年,,https://www2s.biglobe.ne.jp/~t_aoyagi/railway/free/map/shinano32.gif,,,https://www2s.biglobe.ne.jp/~t_aoyagi/railway/free/sinano32.htm | https://cs.shinanorailway-ticket.com/tabs/home/merchandises/select-ticket?agency-id=9100001010566&item=ZZZ-freepass-2024-0905-01 | https://www.shinanorailway.co.jp/tour-info/gain/ | https://www.uedadentetsu.com/news/post-383.html,しなの鉄道デジタルチケット販売サイト,,,,
19,hokusinetu_19,別所線・信州上田レイライン線電車・バスフリーきっぷ,"別所線・信州上田レイライン線電車・バスフリーきっぷ || 関連情報 | 上田電鉄 || 問合わせ | 上田電鉄 運輸部 TEL:0268-39-7117 || フリー区間 | 別所線・信州上田レイライン線電車・バスフリーきっぷ / || 制限事項 || ねだん | 大人：1,240円／小人：620円 || 有効期間 | 発売当日限り || 発売期間 | 2025年4月1日～2025年11月30日 || 利用期間 | 2025年4月1日～2025年11月30日 || 発売箇所 | 上田駅
相关信息: 上田電鉄
咨询: 上田電鉄 運輸部 TEL:0268-39-7117","大人：1,240円／小人：620円",,,,,,,,,,発売当日限り,2025年4月1日～2025年11月30日,,2025年4月1日～2025年11月30日,,https://www2s.biglobe.ne.jp/~t_aoyagi/railway/free/map/ueda04.gif,,,https://www2s.biglobe.ne.jp/~t_aoyagi/railway/free/ueda04.htm | https://www.uedadentetsu.com/news/post_379.html,上田駅,,,,
20,hokusinetu_20,快速信州鎌倉号5002レのおもいで 別所線1日フリーきっぷ,"快速信州鎌倉号5002レのおもいで 別所線1日フリーきっぷ || 関連情報 | 上田電鉄 || 問合わせ | 上田電鉄 運輸部 TEL:0268-39-7117 || フリー区間 | 快速信州鎌倉号5002レのおもいで 別所線1日フリーきっぷ / || 制限事項 || ねだん | 大人：1,180円 || 有効期間 | １日間 || 発売期間 | 2025年2月1日～ || 利用期間 | 2025年2月1日～ || 発売箇所 | 上田,下之郷
相关信息: 上田電鉄
咨询: 上田電鉄 運輸部 TEL:0268-39-7117","大人：1,180円",,,,,,,,,,１日間,2025年2月1日～,,2025年2月1日～,,https://www2s.biglobe.ne.jp/~t_aoyagi/railway/free/map/ueda01.gif,,,https://www2s.biglobe.ne.jp/~t_aoyagi/railway/free/ueda99.htm | https://www.uedadentetsu.com/news/post-8280.html,"上田,下之郷",,,,
21,hokusinetu_21,別所線 週末おかわりフリーきっぷ,"別所線 週末おかわりフリーきっぷ || 関連情報 | 上田電鉄 || 問合わせ | 上田電鉄・運輸部 TEL:0268-39-7117 || フリー区間 | 別所線 週末おかわりフリーきっぷ / || 制限事項 || ねだん | 大人：1,180円／小人：600円 || 有効期間 | 1日間×2回 || 発売期間 | 2025年8月30日～2026年6月30日 || 利用期間 | 利用当日と発売月から3か月後の土休日 || 発売箇所 | 上田
相关信息: 上田電鉄
咨询: 上田電鉄・運輸部 TEL:0268-39-7117","大人：1,180円／小人：600円",,,,,,,,,,1日間×2回,2025年8月30日～2026年6月30日,,利用当日と発売月から3か月後の土休日,,https://www2s.biglobe.ne.jp/~t_aoyagi/railway/free/map/ueda01.gif,,,https://www2s.biglobe.ne.jp/~t_aoyagi/railway/free/ueda100.htm | https://www.uedadentetsu.com/news/post-8646.html,上田,,,,
22,hokusinetu_22,鉄道むすめ・温泉むすめコラボフリーきっぷ,"鉄道むすめ・温泉むすめコラボフリーきっぷ || 関連情報 | 上田電鉄 || 問合わせ | 上田電鉄・運輸部 TEL:0268-39-7117 || フリー区間 | 鉄道むすめ・温泉むすめコラボフリーきっぷ / || 制限事項 || ねだん | 大人：1,180円 || 有効期間 | 1日間 || 発売期間 | 2026年1月31日～ || 利用期間 | 2026年1月31日～ || 発売箇所 | 上田
相关信息: 上田電鉄
咨询: 上田電鉄・運輸部 TEL:0268-39-7117","大人：1,180円",,,,,,,,,,1日間,2026年1月31日～,,2026年1月31日～,,https://www2s.biglobe.ne.jp/~t_aoyagi/railway/free/map/ueda01.gif,,,https://www2s.biglobe.ne.jp/~t_aoyagi/railway/free/ueda101.htm | https://www.uedadentetsu.com/news/post-8956.html,上田,,,,
23,hokusinetu_23,軽井沢フリーパス,"軽井沢フリーパス || 関連情報 | しなの鉄道 || 問合わせ | しなの鉄道・お客さまセンター： TEL:0267-21-3470 / 草軽交通： TEL:0267-42-2441 / 西武観光バス： TEL:0267-45-5045 / 千曲バス： TEL:0267-22-2100 / || フリー区間 | / 軽井沢フリーパス / || 制限事項 || ねだん | 1日券 大人：2,500円／小人：1,250円 / 2日券 大人：3,600円／小人：1,800円 || 有効期間 | １日/２日 || 発売期間 | 通年 || 利用期間 | 通年 / || 発売箇所 | １日券：しなの鉄道デジタルチケット販売サイト / ２日券：しなの鉄道デジタルチケット販売サイト
相关信息: しなの鉄道
咨询: しなの鉄道・お客さまセンター： TEL:0267-21-3470 / 草軽交通： TEL:0267-42-2441 / 西武観光バス： TEL:0267-45-5045 / 千曲バス： TEL:0267-22-2100 /","1日券 大人：2,500円／小人：1,250円 / 2日券 大人：3,600円／小人：1,800円",,,,,,,,,,１日/２日,通年,,通年 /,,https://www2s.biglobe.ne.jp/~t_aoyagi/railway/free/map/shinano33.gif,,,https://www2s.biglobe.ne.jp/~t_aoyagi/railway/free/sinano33.htm | https://cs.shinanorailway-ticket.com/tabs/home/merchandises/select-ticket?agency-id=9100001010566&item=ZZZ-freepass-2024-0905-03 | https://cs.shinanorailway-ticket.com/tabs/home/merchandises/select-ticket?agency-id=9100001010566&item=ZZZ-freepass-2024-0905-04 | https://www.shinanorailway.co.jp/tour-info/gain/,１日券：しなの鉄道デジタルチケット販売サイト / ２日券：しなの鉄道デジタルチケット販売サイト,,,,
24,hokusinetu_24,北しなの線フリーきっぷ,"北しなの線フリーきっぷ || 関連情報 | しなの鉄道 || 問合わせ | しなの鉄道・お客さまセンター TEL:0267-21-3470 / || フリー区間 | / 北しなの線フリーきっぷ / || 制限事項 || ねだん | 平日用：大人：1,400円／小人：700円 / 休日用：大人：1,100円／小人：550円 / || 有効期間 | １日 || 発売期間 | 通年 || 利用期間 | 通年 || 発売箇所 | 平日用：しなの鉄道デジタルチケット販売サイト / 休日用：しなの鉄道デジタルチケット販売サイト
相关信息: しなの鉄道
咨询: しなの鉄道・お客さまセンター TEL:0267-21-3470 /","平日用：大人：1,400円／小人：700円 / 休日用：大人：1,100円／小人：550円 /",,,,,,,,,,１日,通年,,通年,,https://www2s.biglobe.ne.jp/~t_aoyagi/railway/free/map/shinano11.gif,,,https://www2s.biglobe.ne.jp/~t_aoyagi/railway/free/sinano11.htm | https://cs.shinanorailway-ticket.com/tabs/home/merchandises/select-ticket?agency-id=9100001010566&item=ZZZ-freepass-2024-0905-02 | https://cs.shinanorailway-ticket.com/tabs/home/merchandises/select-ticket?agency-id=9100001010566&item=ZZZ-freepass-2025-1029-holiday | https://www.shinanorailway.co.jp/tour-info/gain/,平日用：しなの鉄道デジタルチケット販売サイト / 休日用：しなの鉄道デジタルチケット販売サイト,,,,
25,hokusinetu_25,軽井沢・別所温泉フリーきっぷ,"軽井沢・別所温泉フリーきっぷ || 関連情報 | しなの鉄道 上田電鉄 || 問合わせ | しなの鉄道営業課 TEL:0268-21-4702 || フリー区間 | / 軽井沢・別所温泉フリーきっぷ / || 制限事項 || ねだん | 大人：1,880円／小人：940円 || 有効期間 | １日 || 発売期間 | 通年 || 利用期間 | 通年 || 発売箇所 | しなの鉄道デジタルチケット販売サイト
相关信息: しなの鉄道 上田電鉄
咨询: しなの鉄道営業課 TEL:0268-21-4702","大人：1,880円／小人：940円",,,,,,,,,,１日,通年,,通年,,https://www2s.biglobe.ne.jp/~t_aoyagi/railway/free/map/shinano32.gif,,,https://www2s.biglobe.ne.jp/~t_aoyagi/railway/free/sinano32.htm | https://cs.shinanorailway-ticket.com/tabs/home/merchandises/select-ticket?agency-id=9100001010566&item=ZZZ-freepass-2024-0905-01 | https://www.shinanorailway.co.jp/tour-info/gain/ | https://www.uedadentetsu.com/news/post-383.html,しなの鉄道デジタルチケット販売サイト,,,,
26,hokusinetu_26,しなの鉄道線フリーきっぷ,"しなの鉄道線フリーきっぷ || 関連情報 | しなの鉄道 || 問合わせ | しなの鉄道お客さまセンター TEL:0268-21-3470 || フリー区間 | / しなの鉄道線フリーきっぷ / || 制限事項 || ねだん | 平日用：大人：2,300円／小人：1,150円 / 休日用：大人：2,000円／小人：1,000円 / || 有効期間 | １日 || 発売期間 | 通年 || 利用期間 | 通年 || 発売箇所 | 平日用：しなの鉄道デジタルチケット販売サイト / 休日用：しなの鉄道デジタルチケット販売サイト /
相关信息: しなの鉄道
咨询: しなの鉄道お客さまセンター TEL:0268-21-3470","平日用：大人：2,300円／小人：1,150円 / 休日用：大人：2,000円／小人：1,000円 /",,,,,,,,,,１日,通年,,通年,,https://www2s.biglobe.ne.jp/~t_aoyagi/railway/free/map/shinano01.gif,,,https://www2s.biglobe.ne.jp/~t_aoyagi/railway/free/sinano30.htm | https://cs.shinanorailway-ticket.com/tabs/home/merchandises/select-ticket?agency-id=9100001010566&item=ZZZ-freepass-2025-1029-01 | https://cs.shinanorailway-ticket.com/tabs/home/merchandises/select-ticket?agency-id=9100001010566&item=ZZZ-freepass-2025-1029-02 | https://www.shinanorailway.co.jp/tour-info/gain/,平日用：しなの鉄道デジタルチケット販売サイト / 休日用：しなの鉄道デジタルチケット販売サイト /,,,,
27,hokusinetu_27,長電フリー乗車券,"長電フリー乗車券 || 関連情報 | 長野電鉄 || 問合わせ | 長野電鉄・鉄道事業部運輸課 TEL:026-248-6000 || フリー区間 | 長電フリー乗車券 || 制限事項 | 特急(自由席)乗車可 || ねだん | 2日用 大人：3,520円／小人：1,760円 / 1日用 大人：2,820円／小人：1,410円 || 有効期間 | 2日用：２日間 / 1日用：１日間 || 発売期間 | 2026年4月1日～2026年11月30日 || 利用期間 | 2026年4月1日～2026年12月1日 || 発売箇所 | 長野,市役所前,権堂,善光寺下,本郷,桐原,信濃吉田,朝陽,附属中学前,柳原,村山,日野,須坂,小布施,都住,桜沢,延徳,信州中野,湯田中の各駅自動券売機
限制事项: 特急(自由席)乗車可
相关信息: 長野電鉄
咨询: 長野電鉄・鉄道事業部運輸課 TEL:026-248-6000","2日用 大人：3,520円／小人：1,760円 / 1日用 大人：2,820円／小人：1,410円",,,,,,,,,,2日用：２日間 / 1日用：１日間,2026年4月1日～2026年11月30日,,2026年4月1日～2026年12月1日,,https://www2s.biglobe.ne.jp/~t_aoyagi/railway/free/gazou/nagano.jpg | https://www2s.biglobe.ne.jp/~t_aoyagi/railway/free/map/naganodentetu.gif,,,https://www2s.biglobe.ne.jp/~t_aoyagi/railway/free/nagaden01.htm | https://www.nagaden-net.co.jp/info/ticket,"長野,市役所前,権堂,善光寺下,本郷,桐原,信濃吉田,朝陽,附属中学前,柳原,村山,日野,須坂,小布施,都住,桜沢,延徳,信州中野,湯田中の各駅自動券売機",,,,
28,hokusinetu_28,SNOW MONKEY PASS,"SNOW MONKEY PASS || 関連情報 | 長野電鉄 || 問合わせ | 長野電鉄・鉄道事業部運輸課 TEL:026-248-6000 || フリー区間 | SNOW MONKEY PASS || 制限事項 | 特急(自由席)乗車可 || ねだん | 大人：4,800円／小人：2,400円 || 有効期間 | 2日間 || 発売期間 | 2026年4月1日～2026年9月30日 / 2025年12月6日～2026年3月31日 || 利用期間 | 2026年4月1日～2026年10月1日 / 2025年12月6日～2026年4月1日 || 発売箇所 | 長野,市役所前,権堂,善光寺下,本郷,桐原,信濃吉田,朝陽,附属中学前,柳原,村山,日野,須坂,小布施,都住,桜沢,延徳,信州中野,湯田中の各駅自動券売機
限制事项: 特急(自由席)乗車可
相关信息: 長野電鉄
咨询: 長野電鉄・鉄道事業部運輸課 TEL:026-248-6000","大人：4,800円／小人：2,400円",,,,,,,,,,2日間,2026年4月1日～2026年9月30日 / 2025年12月6日～2026年3月31日,,2026年4月1日～2026年10月1日 / 2025年12月6日～2026年4月1日,,https://www2s.biglobe.ne.jp/~t_aoyagi/railway/free/map/nagaden06.gif,,,https://www2s.biglobe.ne.jp/~t_aoyagi/railway/free/nagaden06.htm | https://www.nagaden-net.co.jp/info/ticket/,"長野,市役所前,権堂,善光寺下,本郷,桐原,信濃吉田,朝陽,附属中学前,柳原,村山,日野,須坂,小布施,都住,桜沢,延徳,信州中野,湯田中の各駅自動券売機",,,,
29,hokusinetu_29,ながでん鉄道・バス2DAYフリーきっぷ,"ながでん鉄道・バス２ＤＡＹフリーきっぷ || 関連情報 | 長野電鉄 || 問合わせ | 長野電鉄・鉄道事業部運輸課 TEL:026-248-6000 || フリー区間 | ながでん鉄道・バス２ＤＡＹフリーきっぷ || 制限事項 | 特急(自由席)乗車可 || ねだん | 大人：5,000円／小人：2,500円 || 有効期間 | ２日間 || 発売期間 | 2026年4月1日～2026年11月29日 || 利用期間 | 2026年4月1日～2026年11月30日 || 発売箇所 | 長野,市役所前,権堂,善光寺下,本郷,桐原,信濃吉田,朝陽,附属中学前,柳原,村山,日野,須坂,小布施,都住,桜沢,延徳,信州中野,湯田中の各駅自動券売機
限制事项: 特急(自由席)乗車可
相关信息: 長野電鉄
咨询: 長野電鉄・鉄道事業部運輸課 TEL:026-248-6000","大人：5,000円／小人：2,500円",,,,,,,,,,２日間,2026年4月1日～2026年11月29日,,2026年4月1日～2026年11月30日,,https://www2s.biglobe.ne.jp/~t_aoyagi/railway/free/map/nagaden05.gif,,,https://www2s.biglobe.ne.jp/~t_aoyagi/railway/free/nagaden05.htm | https://www.nagaden-net.co.jp/info/ticket,"長野,市役所前,権堂,善光寺下,本郷,桐原,信濃吉田,朝陽,附属中学前,柳原,村山,日野,須坂,小布施,都住,桜沢,延徳,信州中野,湯田中の各駅自動券売機",,,,
30,hokusinetu_30,ホリデーフリーチケット 【小中高生限定】,"ホリデーフリーチケット || 関連情報 | 長野電鉄 || 問合わせ | 長野電鉄・鉄道事業部運輸課 TEL:026-248-6000 || フリー区間 | ホリデーフリーチケット || 制限事項 | 中高生に限る。乗車時に学生証の提示が必要 / 特急料金(自由席)を含む || ねだん | 中高生：1,240円 小学生：620円 || 有効期間 | １日間 || 発売期間 | 利用当日 || 利用期間 | 2026年4月1日～2026年11月30日の土休日 / 2026年7月15日～2026年8月20日 / || 発売箇所 | 長野,市役所前,権堂,善光寺下,本郷,桐原,信濃吉田,朝陽,附属中学前,柳原,村山,日野,須坂,小布施,都住,桜沢,延徳,信州中野,湯田中の各駅自動券売機
限制事项: 中高生に限る。乗車時に学生証の提示が必要 / 特急料金(自由席)を含む
相关信息: 長野電鉄
咨询: 長野電鉄・鉄道事業部運輸課 TEL:026-248-6000","中高生：1,240円 小学生：620円",,,,,,,,,,１日間,利用当日,,2026年4月1日～2026年11月30日の土休日 / 2026年7月15日～2026年8月20日 /,,https://www2s.biglobe.ne.jp/~t_aoyagi/railway/free/map/naganodentetu.gif,,,https://www2s.biglobe.ne.jp/~t_aoyagi/railway/free/nagaden07.htm | https://www.nagaden-net.co.jp/info/ticket,"長野,市役所前,権堂,善光寺下,本郷,桐原,信濃吉田,朝陽,附属中学前,柳原,村山,日野,須坂,小布施,都住,桜沢,延徳,信州中野,湯田中の各駅自動券売機",,,,
31,hokusinetu_31,上高地線電車わくわく一日フリー乗車券,"上高地線電車 / わくわく一日フリー乗車券 || 関連情報 | アルピコ交通 || 問合わせ | アルピコ交通新島々駅 TEL:0263-87-3166 / || フリー区間 | 上高地線電車わくわく一日フリー乗車券 || 制限事項 || ねだん | 大人：1,420円／小人：710円 || 有効期間 | １日 || 発売期間 | 通年 || 利用期間 | 通年 || 発売箇所 | 松本(JRの自動券売機),北新・松本大学前,新村,森口,波田,新島々 / Web専用ページ
相关信息: アルピコ交通
咨询: アルピコ交通新島々駅 TEL:0263-87-3166 /","大人：1,420円／小人：710円",,,,,,,,,,１日,通年,,通年,,https://www2s.biglobe.ne.jp/~t_aoyagi/railway/free/gazou/matuden01.jpg | https://www2s.biglobe.ne.jp/~t_aoyagi/railway/free/map/matuden.gif,,,https://www2s.biglobe.ne.jp/~t_aoyagi/railway/free/matuden01.htm | https://cs.alpico-ticket.com/tabs/home/merchandises?keyword=TETSUDO | https://www.alpico.co.jp/traffic/ticket/6/,"松本(JRの自動券売機),北新・松本大学前,新村,森口,波田,新島々 / Web専用ページ",,,,
32,hokusinetu_32,新島々駅鉄道神社例大祭記念 上高地線電車わくわく一日フリー乗車券,"新島々駅鉄道神社例大祭記念 上高地線電車わくわく一日フリー乗車券 || 関連情報 | アルピコ交通 || 問合わせ | アルピコ交通新島々駅 TEL:0263-87-3166 / || フリー区間 | 新島々駅鉄道神社例大祭記念 上高地線電車わくわく一日フリー乗車券 || 制限事項 || ねだん | 大人：1,000円／小人：300円 || 有効期間 | １日 || 発売期間 | 2026年1月26日～2026年2月7日 || 利用期間 | 2026年2月7日 || 発売箇所 | Web専用ページ
相关信息: アルピコ交通
咨询: アルピコ交通新島々駅 TEL:0263-87-3166 /","大人：1,000円／小人：300円",,,,,,,,,,１日,2026年1月26日～2026年2月7日,,2026年2月7日,,https://www2s.biglobe.ne.jp/~t_aoyagi/railway/free/map/matuden.gif,,,https://www2s.biglobe.ne.jp/~t_aoyagi/railway/free/matuden91.htm | https://cs.alpico-ticket.com/tabs/home/merchandises | https://www.alpico.co.jp/traffic/news/1506/,Web専用ページ,,,,
33,hokusinetu_33,上高地線ふるさと鉄道まつりWebフリー乗車券,"上高地線ふるさと鉄道まつりWebフリー乗車券 || 関連情報 | アルピコ交通 || 問合わせ | アルピコ交通新島々駅 TEL:0263-87-3166 / || フリー区間 | 上高地線ふるさと鉄道まつりWebフリー乗車券 || 制限事項 || ねだん | 大人：1,000円／小人：300円 || 有効期間 | １日 || 発売期間 | 2026年3月3日～2026年3月22日 || 利用期間 | 2026年3月22日 || 発売箇所 | Web専用ページ || 発売枚数
相关信息: アルピコ交通
咨询: アルピコ交通新島々駅 TEL:0263-87-3166 /","大人：1,000円／小人：300円",,,,,,,,,,１日,2026年3月3日～2026年3月22日,,2026年3月22日,,https://www2s.biglobe.ne.jp/~t_aoyagi/railway/free/map/matuden.gif,,,https://www2s.biglobe.ne.jp/~t_aoyagi/railway/free/matuden92.htm | https://cs.alpico-ticket.com/tabs/home/merchandises?keyword=TETSUDO | https://www.alpico.co.jp/traffic/news/1551/,Web専用ページ,,,,
34,hokusinetu_34,上高地線 謎解きイベント専用きっぷ,"上高地線 謎解きイベント専用きっぷ || 関連情報 | アルピコ交通 || 問合わせ | アルピコ交通新島々駅 TEL:0263-87-3166 / || フリー区間 | 上高地線 謎解きイベント専用きっぷ || 制限事項 | イベント公式LINEアカウントに友達登録後、送られてくるアンケートに回答後、クーポンが発行され、そのクーポンの提示を係員に提示して購入。 || ねだん | 大人：700円 小人：350円 || 有効期間 | １日 || 発売期間 | 2024年9月14日～2024年10月14日 || 利用期間 | 2024年9月14日～2024年10月14日 || 発売箇所 | 松本バスターミナル,新村,波田,新島々
限制事项: イベント公式LINEアカウントに友達登録後、送られてくるアンケートに回答後、クーポンが発行され、そのクーポンの提示を係員に提示して購入。
相关信息: アルピコ交通
咨询: アルピコ交通新島々駅 TEL:0263-87-3166 /",大人：700円 小人：350円,,,,,,,,,,１日,2024年9月14日～2024年10月14日,,2024年9月14日～2024年10月14日,,https://www2s.biglobe.ne.jp/~t_aoyagi/railway/free/map/matuden.gif,,,https://www2s.biglobe.ne.jp/~t_aoyagi/railway/free/matuden94.htm | https://lin.ee/zEteu5I | https://www.alpico.co.jp/topics/train/-20249141014.php,"松本バスターミナル,新村,波田,新島々",,,,
35,hokusinetu_35,鉄道線・市内電車２日フリーきっぷ,"鉄道線・市内電車２日フリーきっぷ || 関連情報 | 富山地方鉄道 || 問合わせ | 富山地方鉄道 TEL:0764-32-3456 || フリー区間 | / 鉄道線・市内電車２日フリーきっぷ / || 制限事項 | 座席指定を利用の際は座席指定料金が必要 || ねだん | 大人：6,000円／小人：3,000円 || 有効期間 | ２日 || 発売期間 | 通年 || 利用期間 | 通年 || 発売箇所 | 有人駅 / 富山乗車券センター,西町乗車券センター / ＡＮＡクラウンプラザホテル富山 / ホテルＪＡＬシティ富山
限制事项: 座席指定を利用の際は座席指定料金が必要
相关信息: 富山地方鉄道
咨询: 富山地方鉄道 TEL:0764-32-3456","大人：6,000円／小人：3,000円",,,,,,,,,,２日,通年,,通年,,https://www2s.biglobe.ne.jp/~t_aoyagi/railway/free/gazou/titetu.jpg | https://www2s.biglobe.ne.jp/~t_aoyagi/railway/free/map/titetu01.gif,,,https://www2s.biglobe.ne.jp/~t_aoyagi/railway/free/titetu01.htm | http://www.chitetsu.co.jp/?p=1073,"有人駅 / 富山乗車券センター,西町乗車券センター / ＡＮＡクラウンプラザホテル富山 / ホテルＪＡＬシティ富山",,,,
36,hokusinetu_36,鉄道線・市内電車１日フリーきっぷ,"鉄道線・市内電車１日フリーきっぷ || 関連情報 | 富山地方鉄道 my route || 問合わせ | 富山地方鉄道 TEL:0764-32-3456 || フリー区間 | / 鉄道線・市内電車１日フリーきっぷ / || 制限事項 | 座席指定を利用の際は座席指定料金が必要 || ねだん | 大人：3,400円／小人：1,700円 || 有効期間 | １日 || 発売期間 | 通年 || 利用期間 | 通年 || 発売箇所 | 有人駅 / 富山乗車券センター,西町乗車券センター / ＡＮＡクラウンプラザホテル富山 / ホテルＪＡＬシティ富山 / my route
限制事项: 座席指定を利用の際は座席指定料金が必要
相关信息: 富山地方鉄道 my route
咨询: 富山地方鉄道 TEL:0764-32-3456","大人：3,400円／小人：1,700円",,,,,,,,,,１日,通年,,通年,,https://www2s.biglobe.ne.jp/~t_aoyagi/railway/free/map/titetu01.gif,,,https://www2s.biglobe.ne.jp/~t_aoyagi/railway/free/titetu05.htm | https://top.myroute.fun/ticket/toyama#toyamawide | https://www.chitetsu.co.jp/?p=20987,"有人駅 / 富山乗車券センター,西町乗車券センター / ＡＮＡクラウンプラザホテル富山 / ホテルＪＡＬシティ富山 / my route",,,,
37,hokusinetu_37,市内電車・バス１日ふりーきっぷ,"市内電車・バス１日ふりーきっぷ || 関連情報 | 富山地方鉄道 my route tabiwa || 問合わせ | 富山地方鉄道・地鉄テレホンセンター：076-432-3456 || フリー区間 | 市内電車・バス１日ふりーきっぷ / || 制限事項 || ねだん | 大人：650円／小人：330円 || 有効期間 | １日間 || 発売期間 | 通年 || 利用期間 | 通年 || 発売箇所 | 富山地鉄乗車券センター,富山地鉄西町乗車券センター / 電鉄富山,稲荷町,南富山 / 富山駅前地鉄バス案内所,富山自動車営業所 / 市内電車内 / my route tabiwa
相关信息: 富山地方鉄道 my route tabiwa
咨询: 富山地方鉄道・地鉄テレホンセンター：076-432-3456",大人：650円／小人：330円,,,,,,,,,,１日間,通年,,通年,,https://www2s.biglobe.ne.jp/~t_aoyagi/railway/free/gazou/titetu021.jpg | https://www2s.biglobe.ne.jp/~t_aoyagi/railway/free/map/titetu02.gif,,,https://www2s.biglobe.ne.jp/~t_aoyagi/railway/free/titetu02.htm | http://www.chitetsu.co.jp/?p=1002 | https://app.tabi-wester.westjr.co.jp/eticketDetails?ticket_id=N3005600 | https://top.myroute.fun/ticket/toyama#toyamawide,"富山地鉄乗車券センター,富山地鉄西町乗車券センター / 電鉄富山,稲荷町,南富山 / 富山駅前地鉄バス案内所,富山自動車営業所 / 市内電車内 / my route tabiwa",,,,
38,hokusinetu_38,ぐるっとグルメぐりクーポン,"ぐるっとグルメぐりクーポン || 関連情報 | 富山地方鉄道 || 問合わせ | 富山地方鉄道・地鉄テレホンセンター：076-432-3456 || フリー区間 | ぐるっとグルメぐりクーポン / || 制限事項 || ねだん | クーポン5枚付き 大人：1,500円 / クーポン2枚付き 大人：1,000円 || 有効期間 | １日間 || 発売期間 | 通年 || 利用期間 | 通年 || 発売箇所 | 富山乗車券センター,西町乗車券センター / 電鉄富山駅,南富山駅 / とやま観光案内所（富山駅構内クラルテ１Ｆ） / 路面電車等公共交通案内所
相关信息: 富山地方鉄道
咨询: 富山地方鉄道・地鉄テレホンセンター：076-432-3456","クーポン5枚付き 大人：1,500円 / クーポン2枚付き 大人：1,000円",,,,,,,,,,１日間,通年,,通年,,https://www2s.biglobe.ne.jp/~t_aoyagi/railway/free/map/titetu09.gif,,,https://www2s.biglobe.ne.jp/~t_aoyagi/railway/free/titetu09.htm | https://www.chitetsu.co.jp/?p=17407,"富山乗車券センター,西町乗車券センター / 電鉄富山駅,南富山駅 / とやま観光案内所（富山駅構内クラルテ１Ｆ） / 路面電車等公共交通案内所",,,,
39,hokusinetu_39,岩瀬おさんぽフリーチケット,"岩瀬おさんぽフリーチケット || 関連情報 | 富山地方鉄道 my route || 問合わせ | 富山地方鉄道・地鉄テレホンセンター：076-432-3456 || フリー区間 | 岩瀬おさんぽフリーチケット / || 制限事項 || ねだん | 大人：1,250円／小人：1,030円 || 有効期間 | 利用開始後、6時間 || 発売期間 | 通年 || 利用期間 | 通年 || 発売箇所 | my route
相关信息: 富山地方鉄道 my route
咨询: 富山地方鉄道・地鉄テレホンセンター：076-432-3456","大人：1,250円／小人：1,030円",,,,,,,,,,利用開始後、6時間,通年,,通年,,https://www2s.biglobe.ne.jp/~t_aoyagi/railway/free/map/titetu06.gif,,,https://www2s.biglobe.ne.jp/~t_aoyagi/railway/free/titetu06.htm | https://top.myroute.fun/ticket/toyama#iwase | https://www.chitetsu.co.jp/ticket/,my route,,,,
40,hokusinetu_40,富山市内まちなかおでかけチケット,"富山市内まちなかおでかけチケット || 関連情報 | 富山地方鉄道 my route || 問合わせ | 富山地方鉄道・地鉄テレホンセンター：076-432-3456 || フリー区間 | 富山市内まちなかおでかけチケット / || 制限事項 || ねだん | 大人：950円／小人：700円 || 有効期間 | 利用開始後、8時間 || 発売期間 | 通年 || 利用期間 | 通年 || 発売箇所 | my route
相关信息: 富山地方鉄道 my route
咨询: 富山地方鉄道・地鉄テレホンセンター：076-432-3456",大人：950円／小人：700円,,,,,,,,,,利用開始後、8時間,通年,,通年,,https://www2s.biglobe.ne.jp/~t_aoyagi/railway/free/map/titetu07.gif,,,https://www2s.biglobe.ne.jp/~t_aoyagi/railway/free/titetu07.htm | https://top.myroute.fun/ticket/toyama#pagetop | https://www.chitetsu.co.jp/ticket/,my route,,,,
41,hokusinetu_41,富山空港まちなかフリーチケット,"富山空港まちなかフリーチケット || 関連情報 | 富山地方鉄道 my route || 問合わせ | 富山地方鉄道・地鉄テレホンセンター：076-432-3456 || フリー区間 | 富山空港まちなかフリーチケット / || 制限事項 || ねだん | 大人：1,500円／小人：980円 || 有効期間 | 利用開始後、30時間 || 発売期間 | 通年 || 利用期間 | 通年 || 発売箇所 | my route
相关信息: 富山地方鉄道 my route
咨询: 富山地方鉄道・地鉄テレホンセンター：076-432-3456","大人：1,500円／小人：980円",,,,,,,,,,利用開始後、30時間,通年,,通年,,https://www2s.biglobe.ne.jp/~t_aoyagi/railway/free/map/titetu08.gif,,,https://www2s.biglobe.ne.jp/~t_aoyagi/railway/free/titetu08.htm | https://top.myroute.fun/ticket/toyama#toyamaairport | https://www.chitetsu.co.jp/?p=63201,my route,,,,
42,hokusinetu_42,宇奈月満喫きっぷ(全線版),"宇奈月満喫きっぷ(全線版) || 関連情報 | 富山地方鉄道 富山MYROTE推進協議会 || 問合わせ | 富山MYROTE推進協議会：076-444-4141 || フリー区間 | 宇奈月満喫きっぷ(全線版) / || 制限事項 || ねだん | 大人：4,500円／小人：2,700円 || 有効期間 | 利用開始後30時間 || 発売期間 | 通年 || 利用期間 | 通年 || 発売箇所 | my route
相关信息: 富山地方鉄道 富山MYROTE推進協議会
咨询: 富山MYROTE推進協議会：076-444-4141","大人：4,500円／小人：2,700円",,,,,,,,,,利用開始後30時間,通年,,通年,,https://www2s.biglobe.ne.jp/~t_aoyagi/railway/free/map/titetu93.gif,,,https://www2s.biglobe.ne.jp/~t_aoyagi/railway/free/titetu93.htm | https://top.myroute.fun/ticket/toyama#unazuki | https://toyama-city.myroute.fun/info/653/ | https://www.chitetsu.co.jp/?p=64673,my route,,,,
43,hokusinetu_43,宇奈月満喫きっぷ(魚津・黒部版),"宇奈月満喫きっぷ(魚津・黒部版) || 関連情報 | 富山地方鉄道 富山MYROTE推進協議会 || 問合わせ | 富山MYROTE推進協議会：076-444-4141 || フリー区間 | 宇奈月満喫きっぷ(魚津・黒部版) / || 制限事項 | 500円クーポン×2枚付き || ねだん | 大人：3,000円／小人：1,950円 || 有効期間 | 利用開始後30時間 || 発売期間 | 通年 || 利用期間 | 通年 || 発売箇所 | my route
限制事项: 500円クーポン×2枚付き
相关信息: 富山地方鉄道 富山MYROTE推進協議会
咨询: 富山MYROTE推進協議会：076-444-4141","大人：3,000円／小人：1,950円",,,,,,,,,,利用開始後30時間,通年,,通年,,https://www2s.biglobe.ne.jp/~t_aoyagi/railway/free/map/titetu94.gif,,,https://www2s.biglobe.ne.jp/~t_aoyagi/railway/free/titetu94.htm | https://top.myroute.fun/ticket/toyama#unazuki | https://toyama-city.myroute.fun/info/653/ | https://www.chitetsu.co.jp/?p=64673,my route,,,,
44,hokusinetu_44,とやま周遊２dayパス,"とやま周遊２dayパス || 関連情報 | tabiwa 富山地方鉄道 あいの風とやま鉄道 万葉線 / myroute || 問合わせ | 富山myroute推進協議会 / || フリー区間 | とやま周遊２dayパス || 利用可能設備 | 新幹線ＪＲ特急・急行快速・普通 ライナー指定自由 ×▲▲▲○ ○：乗車可 ▲：乗車券のみ有効 ×：乗車不可 / || 制限事項 | 普通列車(新快速・快速を含む)の普通車自由席に乗車可。 特急・急行列車は、別途特急券、急行券等が必要。 新幹線には乗車できない。 || ねだん | 大人：1,550円／小人：770円 || 有効期間 | ２日間 || 発売期間 | 2026年3月1日～2027年3月31日 || 利用期間 | 2026年4月1日～2027年4月1日 || 発売箇所 | tabiwa my route(マイルート)
限制事项: 普通列車(新快速・快速を含む)の普通車自由席に乗車可。 特急・急行列車は、別途特急券、急行券等が必要。 新幹線には乗車できない。
相关信息: tabiwa 富山地方鉄道 あいの風とやま鉄道 万葉線 / myroute
咨询: 富山myroute推進協議会 /","大人：1,550円／小人：770円",,,,,,,,,,２日間,2026年3月1日～2027年3月31日,,2026年4月1日～2027年4月1日,,https://www2s.biglobe.ne.jp/~t_aoyagi/railway/free/map/jrwest38.gif,,新幹線ＪＲ特急・急行快速・普通 ライナー指定自由 ×▲▲▲○ ○：乗車可 ▲：乗車券のみ有効 ×：乗車不可 /,https://www2s.biglobe.ne.jp/~t_aoyagi/railway/free/jrwest39.htm | https://app.tabi-wester.westjr.co.jp/eticketDetails?ticket_id=J0001600 | https://top.myroute.fun/ticket/toyama#toyamawide | https://toyama-city.myroute.fun/info/459/ | https://www.chitetsu.co.jp/?p=63386,tabiwa my route(マイルート),,,,
45,hokusinetu_45,サマーワンコインきっぷ,"サマーワンコインきっぷ || 関連情報 | 富山地方鉄道 || 問合わせ | 富山地方鉄道・地鉄テレホンセンター：076-432-5540 || フリー区間 | サマーワンコインきっぷ / || 制限事項 | 特急乗車の場合、特急券必要。 / 購入時に、富山県内在住とわかるもの(免許証や保険証など)の提示が必要。 || ねだん | 大人：500円 || 有効期間 | 1日間 || 発売期間 | 2025年7月19日～2025年8月31日 || 利用期間 | 発売当日の9時～15時台降車 || 発売箇所 | 富山地方鉄道主要駅 / 富山地鉄乗車券センター / 鉄道線列車内
限制事项: 特急乗車の場合、特急券必要。 / 購入時に、富山県内在住とわかるもの(免許証や保険証など)の提示が必要。
相关信息: 富山地方鉄道
咨询: 富山地方鉄道・地鉄テレホンセンター：076-432-5540",大人：500円,,,,,,,,,,1日間,2025年7月19日～2025年8月31日,,発売当日の9時～15時台降車,,https://www2s.biglobe.ne.jp/~t_aoyagi/railway/free/map/titetu99.gif,,,https://www2s.biglobe.ne.jp/~t_aoyagi/railway/free/titetu99.htm | https://www.chitetsu.co.jp/?p=78374,富山地方鉄道主要駅 / 富山地鉄乗車券センター / 鉄道線列車内,,,,
46,hokusinetu_46,くろワンきっぷ,"くろワンきっぷ || 関連情報 | 富山地方鉄道 黒部まちづくり協議会 || 問合わせ | 富山地方鉄道・地鉄テレホンセンター TEL:076-432-5540 / くろワンきっぷ事務局 TEL:0765-56-9687 || フリー区間 | くろワンきっぷ / || 制限事項 | 区間外からの乗り越し精算等不可実施日に購入する時に黒部市在住あるいは黒部市へ通勤・通学していることを証明できるものを提示必要。 || ねだん | 大人：500円 小人：250円 || 有効期間 | １日間 || 発売期間 | 2026年3月14日～2024年4月26日 / 2025年9月13日～2025年10月26日 / || 利用期間 | 2026年3月14日～2024年4月26日の土休日 / 2025年9月14日～2025年10月26日の土休日 / || 発売箇所 | 電鉄黒部,宇奈月温泉 / くろワンきっぷ事務局 / 黒部市地域観光ギャラリー「観光案内所」 / 一部くろワンスタンプラリー加盟店
限制事项: 区間外からの乗り越し精算等不可実施日に購入する時に黒部市在住あるいは黒部市へ通勤・通学していることを証明できるものを提示必要。
相关信息: 富山地方鉄道 黒部まちづくり協議会
咨询: 富山地方鉄道・地鉄テレホンセンター TEL:076-432-5540 / くろワンきっぷ事務局 TEL:0765-56-9687",大人：500円 小人：250円,,,,,,,,,,１日間,2026年3月14日～2024年4月26日 / 2025年9月13日～2025年10月26日 /,,2026年3月14日～2024年4月26日の土休日 / 2025年9月14日～2025年10月26日の土休日 /,,https://www2s.biglobe.ne.jp/~t_aoyagi/railway/free/gazou/kuroone.jpg | https://www2s.biglobe.ne.jp/~t_aoyagi/railway/free/map/titetu92_2024s.gif,,,https://www2s.biglobe.ne.jp/~t_aoyagi/railway/free/titetu92.htm | http://www.kurowan.com/,"電鉄黒部,宇奈月温泉 / くろワンきっぷ事務局 / 黒部市地域観光ギャラリー「観光案内所」 / 一部くろワンスタンプラリー加盟店",,,,
47,hokusinetu_47,プチパス,"プチパス || 関連情報 | 富山地方鉄道 || 問合わせ | 富山地方鉄道・地鉄テレホンセンター：076-432-3456 || フリー区間 | プチパス / || 制限事項 | 購入の際には学生証等の提示必要高速バス(城端線含む),ぶりかにバス,フィーダーバス,コミュニティバス,富山市内周遊バス,その他特殊路線は利用不可。 || ねだん | 高校生以上：8,000円 中学生：6,500円 小学生：3,500円 || 有効期間 | 利用期間内の連続する14日間 || 発売期間 | 2025年7月12日～2025年8月31日 || 利用期間 | 2025年7月19日～2025年8月31日 || 発売箇所 | 富山地鉄乗車券センター,富山地鉄西町乗車券センター / 電車各駅(有人駅),各バス営業所 / 委託売札所(加越能バス乗車券センター,(有)呉西トラベル) /
限制事项: 購入の際には学生証等の提示必要高速バス(城端線含む),ぶりかにバス,フィーダーバス,コミュニティバス,富山市内周遊バス,その他特殊路線は利用不可。
相关信息: 富山地方鉄道
咨询: 富山地方鉄道・地鉄テレホンセンター：076-432-3456","高校生以上：8,000円 中学生：6,500円 小学生：3,500円",,,,,,,,,,利用期間内の連続する14日間,2025年7月12日～2025年8月31日,,2025年7月19日～2025年8月31日,,https://www2s.biglobe.ne.jp/~t_aoyagi/railway/free/map/titetu91.gif,,,https://www2s.biglobe.ne.jp/~t_aoyagi/railway/free/titetu90.htm | https://www.chitetsu.co.jp/?p=72634,"富山地鉄乗車券センター,富山地鉄西町乗車券センター / 電車各駅(有人駅),各バス営業所 / 委託売札所(加越能バス乗車券センター,(有)呉西トラベル) /",,,,
48,hokusinetu_48,年末年始ふりーきっぷ,"年末年始ふりーきっぷ || 関連情報 | 富山地方鉄道 my route || 問合わせ | 富山地方鉄道・地鉄テレホンセンター：076-432-5540 || フリー区間 | 年末年始ふりーきっぷ / || 制限事項 | 特急乗車の場合、特急券必要。 || ねだん | 大人：2,600円 小人：1,300円 || 有効期間 | ７日間 || 発売期間 | 2024年12月8日～2025年1月9日 || 利用期間 | 2023年12月20日～2024年1月9日 || 発売箇所 | 富山地方鉄道主要駅 / 富山地鉄乗車券センター / 富山地鉄・西町乗車券センター, 富山地鉄案内所,各バス営業所,呉西トラベル,加越能バス乗車券センター / my route
限制事项: 特急乗車の場合、特急券必要。
相关信息: 富山地方鉄道 my route
咨询: 富山地方鉄道・地鉄テレホンセンター：076-432-5540","大人：2,600円 小人：1,300円",,,,,,,,,,７日間,2024年12月8日～2025年1月9日,,2023年12月20日～2024年1月9日,,https://www2s.biglobe.ne.jp/~t_aoyagi/railway/free/map/titetu91.gif,,,https://www2s.biglobe.ne.jp/~t_aoyagi/railway/free/titetu91.htm | https://toyama-city.myroute.fun/info/1149/ | https://www.chitetsu.co.jp/?p=74873,"富山地方鉄道主要駅 / 富山地鉄乗車券センター / 富山地鉄・西町乗車券センター, 富山地鉄案内所,各バス営業所,呉西トラベル,加越能バス乗車券センター / my route",,,,
49,hokusinetu_49,乗り放題きっぷ(1DAY),"乗り放題きっぷ(1DAY) || 関連情報 | 黒部峡谷鉄道 || 問合わせ | 黒部峡谷鉄道 TEL:0765-62-1800 || フリー区間 | 乗り放題きっぷ(1DAY) / || 制限事項 | プレミアムタイプ：全ての客車に乗車可能 / ベーシックタイプ：普通客車のみ乗車可能 || ねだん | タイプ大人小人 プレミアムタイプ5,100円3,100円 ベーシックタイプ4,000円2,000円 || 有効期間 | １日間 || 発売期間 | 当日限定 / 2023年5月10日～2023年11月23日 || 利用期間 | 2023年5月10日～2023年11月23日 / 8月6日～8月16日,10月22日～10月23日,10月29日～11月6日は除く || 発売箇所 | 宇奈月駅
限制事项: プレミアムタイプ：全ての客車に乗車可能 / ベーシックタイプ：普通客車のみ乗車可能
相关信息: 黒部峡谷鉄道
咨询: 黒部峡谷鉄道 TEL:0765-62-1800","タイプ大人小人 プレミアムタイプ5,100円3,100円 ベーシックタイプ4,000円2,000円",,,,,,,,,,１日間,当日限定 / 2023年5月10日～2023年11月23日,,"2023年5月10日～2023年11月23日 / 8月6日～8月16日,10月22日～10月23日,10月29日～11月6日は除く",,https://www2s.biglobe.ne.jp/~t_aoyagi/railway/free/map/kurobekyokoku.gif,,,https://www2s.biglobe.ne.jp/~t_aoyagi/railway/free/kurobekyokoku01.htm | https://www.kurotetu.co.jp/value_info/,宇奈月駅,,,,
50,hokusinetu_50,１日フリーきっぷ,"１日フリーきっぷ || 関連情報 | あいの風とやま鉄道 my route || 問合わせ | あいの風とやま鉄道 TEL: || フリー区間 | １日フリーきっぷ || 制限事項 | 「あいの風ライナー」は別途ライナー券が必要 || ねだん | 大人：1,500円／小人：750円 || 有効期間 | １日間 || 発売期間 | 2026年3月4日～2027年3月28日 / || 利用期間 | 2026年4月4日～2027年3月28日の土休日 / 2026年4月30日～2026年5月1日 / 2026年8月3日～2026年8月14日 / 2026年12月21日～2026年12月31日 || 発売箇所 | あいの風とやま鉄道有人駅 / 全国の近畿日本ツーリストグループ取扱各店 / ビッグホリデー株式会社 / my route
限制事项: 「あいの風ライナー」は別途ライナー券が必要
相关信息: あいの風とやま鉄道 my route
咨询: あいの風とやま鉄道 TEL:","大人：1,500円／小人：750円",,,,,,,,,,１日間,2026年3月4日～2027年3月28日 /,,2026年4月4日～2027年3月28日の土休日 / 2026年4月30日～2026年5月1日 / 2026年8月3日～2026年8月14日 / 2026年12月21日～2026年12月31日,,https://www2s.biglobe.ne.jp/~t_aoyagi/railway/free/map/ainokaze.gif,,,https://www2s.biglobe.ne.jp/~t_aoyagi/railway/free/ainokaze01.htm | https://ainokaze.co.jp/ticket/plan#s02 | https://top.myroute.fun/ticket/toyama#toyamawide | https://www.myroute.fun/,あいの風とやま鉄道有人駅 / 全国の近畿日本ツーリストグループ取扱各店 / ビッグホリデー株式会社 / my route,,,,
51,hokusinetu_51,あいの風・IR１日フリーきっぷ,"IR・あいの風１日フリーきっぷ / あいの風・IR１日フリーきっぷ || 関連情報 | IRいしかわ鉄道 あいの風とやま鉄道 my route || 問合わせ | IRいしかわ鉄道 TEL:076-256-0560 || フリー区間 | / IR・あいの風1日フリーきっぷ || 制限事項 | 「あいの風ライナー」,金沢～津幡間の特急列車を利用の際は、別途、ライナー券,特急券が必要 || ねだん | 大人：2,000円／小人：1,000円 || 有効期間 | １日 || 発売期間 | 2026年3月4日～2027年3月28日 / || 利用期間 | 2026年4月4日～2027年3月28日の土休日 / 2026年4月30日～2026年5月1日 / 2026年8月3日～2026年8月14日 / 2026年12月21日～2026年12月31日 || 発売箇所 | IRいしかわ鉄道： / 金沢,津幡,松任,小松,加賀温泉 / あいの風とやま鉄道： / 石動,福岡,西高岡,高岡,越中大門,小杉,呉羽,富山,東富山,水橋,滑川,魚津,黒部,生地,入善,泊 / my route
限制事项: 「あいの風ライナー」,金沢～津幡間の特急列車を利用の際は、別途、ライナー券,特急券が必要
相关信息: IRいしかわ鉄道 あいの風とやま鉄道 my route
咨询: IRいしかわ鉄道 TEL:076-256-0560","大人：2,000円／小人：1,000円",,,,,,,,,,１日,2026年3月4日～2027年3月28日 /,,2026年4月4日～2027年3月28日の土休日 / 2026年4月30日～2026年5月1日 / 2026年8月3日～2026年8月14日 / 2026年12月21日～2026年12月31日,,https://www2s.biglobe.ne.jp/~t_aoyagi/railway/free/map/irtoyama.gif,,,https://www2s.biglobe.ne.jp/~t_aoyagi/railway/free/irtoyama01.htm | http://www.ishikawa-railway.jp/ticket/ticket_plan.html | https://ainokaze.co.jp/ticket/plan#s04 | https://top.myroute.fun/ticket/toyama,"IRいしかわ鉄道： / 金沢,津幡,松任,小松,加賀温泉 / あいの風とやま鉄道： / 石動,福岡,西高岡,高岡,越中大門,小杉,呉羽,富山,東富山,水橋,滑川,魚津,黒部,生地,入善,泊 / my route",,,,
52,hokusinetu_52,とやま１日乗り放題きっぷ(中央エリア),"とやま１日乗り放題きっぷ（中央エリア） || 関連情報 | あいの風とやま鉄道 富山県 my route || 問合わせ | 富山県交通政策局 交通戦略企画課 PHONE:0076-444-3124 || フリー区間 | とやま１日乗り放題きっぷ（中央エリア） / || 制限事項 | 「一万三千尺物語」、あいの風サイクルトレインは利用不可「あいの風ライナー」は、別途ライナー券300円が必要 || ねだん | 大人：1,000円／小人：500円 / || 有効期間 | １日 || 発売期間 | 2026年4月1日～2027年3月28日 || 利用期間 | 2026年4月5日～2027年3月28日の土日祝日 || 発売箇所 | あいの風とやま鉄道：高岡,越中大門,小杉,呉羽,富山 / 新高岡駅観光交流センター / my route
限制事项: 「一万三千尺物語」、あいの風サイクルトレインは利用不可「あいの風ライナー」は、別途ライナー券300円が必要
相关信息: あいの風とやま鉄道 富山県 my route
咨询: 富山県交通政策局 交通戦略企画課 PHONE:0076-444-3124","大人：1,000円／小人：500円 /",,,,,,,,,,１日,2026年4月1日～2027年3月28日,,2026年4月5日～2027年3月28日の土日祝日,,https://www2s.biglobe.ne.jp/~t_aoyagi/railway/free/map/toyama111.gif,,,https://www2s.biglobe.ne.jp/~t_aoyagi/railway/free/toyama111.htm | https://ainokaze.co.jp/ticket/plan#s03 | https://toyama-city.myroute.fun/ | https://toyama-city.myroute.fun/info/967/ | https://www.pref.toyama.jp/8000/kendodukuri/koukyou/koukyoukoutsuu/kj00060702.html,"あいの風とやま鉄道：高岡,越中大門,小杉,呉羽,富山 / 新高岡駅観光交流センター / my route",,,,
53,hokusinetu_53,とやま周遊２dayパス,"とやま周遊２dayパス || 関連情報 | tabiwa 富山地方鉄道 あいの風とやま鉄道 万葉線 / myroute || 問合わせ | 富山myroute推進協議会 / || フリー区間 | とやま周遊２dayパス || 利用可能設備 | 新幹線ＪＲ特急・急行快速・普通 ライナー指定自由 ×▲▲▲○ ○：乗車可 ▲：乗車券のみ有効 ×：乗車不可 / || 制限事項 | 普通列車(新快速・快速を含む)の普通車自由席に乗車可。 特急・急行列車は、別途特急券、急行券等が必要。 新幹線には乗車できない。 || ねだん | 大人：1,550円／小人：770円 || 有効期間 | ２日間 || 発売期間 | 2026年3月1日～2027年3月31日 || 利用期間 | 2026年4月1日～2027年4月1日 || 発売箇所 | tabiwa my route(マイルート)
限制事项: 普通列車(新快速・快速を含む)の普通車自由席に乗車可。 特急・急行列車は、別途特急券、急行券等が必要。 新幹線には乗車できない。
相关信息: tabiwa 富山地方鉄道 あいの風とやま鉄道 万葉線 / myroute
咨询: 富山myroute推進協議会 /","大人：1,550円／小人：770円",,,,,,,,,,２日間,2026年3月1日～2027年3月31日,,2026年4月1日～2027年4月1日,,https://www2s.biglobe.ne.jp/~t_aoyagi/railway/free/map/jrwest38.gif,,新幹線ＪＲ特急・急行快速・普通 ライナー指定自由 ×▲▲▲○ ○：乗車可 ▲：乗車券のみ有効 ×：乗車不可 /,https://www2s.biglobe.ne.jp/~t_aoyagi/railway/free/jrwest39.htm | https://app.tabi-wester.westjr.co.jp/eticketDetails?ticket_id=J0001600 | https://top.myroute.fun/ticket/toyama#toyamawide | https://toyama-city.myroute.fun/info/459/ | https://www.chitetsu.co.jp/?p=63386,tabiwa my route(マイルート),,,,
54,hokusinetu_54,トキ鉄ツアーパス,"トキ鉄ツアーパス || 関連情報 | えちごトキめき鉄道 あいの風とやま鉄道 || 問合わせ | 直江津駅 TEL:025-543-3160 || フリー区間 | トキ鉄ツアーパス || 制限事項 | 特急「しらゆき」の普通車自由席に乗車可。「えちごトキめきリゾート雪月花」は乗車不可 || ねだん | 大人：2,400円／小人：1,200円 || 有効期間 | １日間 || 発売期間 | 通年 || 利用期間 | 通年 || 発売箇所 | えちごトキめき鉄道：直江津,春日山,高田,上越妙高,新井,関山,妙高高原,能生,糸魚川,えちごトキめき鉄道列車内 / あいの風とやま鉄道：泊
限制事项: 特急「しらゆき」の普通車自由席に乗車可。「えちごトキめきリゾート雪月花」は乗車不可
相关信息: えちごトキめき鉄道 あいの風とやま鉄道
咨询: 直江津駅 TEL:025-543-3160","大人：2,400円／小人：1,200円",,,,,,,,,,１日間,通年,,通年,,https://www2s.biglobe.ne.jp/~t_aoyagi/railway/free/map/echigotokimeki.gif,,,https://www2s.biglobe.ne.jp/~t_aoyagi/railway/free/echigo03.htm | http://www.echigo-tokimeki.co.jp/ticket/plan/#tokitetsutour | https://ainokaze.co.jp/ticket/plan#s08,"えちごトキめき鉄道：直江津,春日山,高田,上越妙高,新井,関山,妙高高原,能生,糸魚川,えちごトキめき鉄道列車内 / あいの風とやま鉄道：泊",,,,
55,hokusinetu_55,北陸３県２Ｄａｙパス,"北陸３県２Ｄａｙパス || 関連情報 | ハピラインふくい IRいしかわ鉄道 あいの風とやま鉄道 / RYDE PASS my route tabiwa by WESTER ジョルダンモバイルチケット || 問合わせ | ハピラインふくい：0776-20-0294 / IRいしかわ鉄道：0778-22-0617 / あいの風とやま鉄道：0778-21-0706 || フリー区間 | 北陸３県２Ｄａｙパス || 制限事項 || ねだん | 大人：2,800円／小人：1,400円 || 有効期間 | ２日間 || 発売期間 | 2024年3月16日～2027年3月31日 || 利用期間 | 2024年3月16日～2027年3月31日の土曜日・日曜日・祝日とその翌日 / 2026年4月1日～2026年4月9日 / 2026年4月27日～2026年5月7日 / 2026年7月21日～2026年8月31日 / 2025年9月13日～2025年9月24日 / 2026年12月1日～2027年1月7日 / 2026年3月22日～2027年3月31日 / || 発売箇所 | RYDE PASS my route tabiwa by WESTER ふくアプリ(ふくいMaaS) ジョルダンモバイルチケット
相关信息: ハピラインふくい IRいしかわ鉄道 あいの風とやま鉄道 / RYDE PASS my route tabiwa by WESTER ジョルダンモバイルチケット
咨询: ハピラインふくい：0776-20-0294 / IRいしかわ鉄道：0778-22-0617 / あいの風とやま鉄道：0778-21-0706","大人：2,800円／小人：1,400円",,,,,,,,,,２日間,2024年3月16日～2027年3月31日,,2024年3月16日～2027年3月31日の土曜日・日曜日・祝日とその翌日 / 2026年4月1日～2026年4月9日 / 2026年4月27日～2026年5月7日 / 2026年7月21日～2026年8月31日 / 2025年9月13日～2025年9月24日 / 2026年12月1日～2027年1月7日 / 2026年3月22日～2027年3月31日 /,,https://www2s.biglobe.ne.jp/~t_aoyagi/railway/free/map/hokuriku3ken.gif,,,https://www2s.biglobe.ne.jp/~t_aoyagi/railway/free/hokuriku3ken.htm | https://ainokaze.co.jp/ticket/plan#s01 | https://app.tabi-wester.westjr.co.jp/eticketDetails?ticket_id=N3002300 | https://fukui-maas.jp/ | https://pass.ryde-go.com/products/D1R2L4SWPQ8V | https://ticket.jorudan.co.jp/ishikawa-railway/hokuriku/ja/ | https://top.myroute.fun/ticket/fukui | https://top.myroute.fun/ticket/ishikawa | https://www.hapi-line.co.jp/ticket/ticket_plan/05 | https://www.ishikawa-railway.jp/ticket/ticket_plan/,RYDE PASS my route tabiwa by WESTER ふくアプリ(ふくいMaaS) ジョルダンモバイルチケット,,,,
56,hokusinetu_56,万葉線１日フリー乗車券,"万葉線１日フリー乗車券 || 関連情報 | 万葉線 || 問合わせ | 万葉線 TEL:0766-25-4139 || フリー区間 | 万葉線１日フリー乗車券 / || 制限事項 || ねだん | 大人：900円／小人：450円 / 親子セット：1,100円 || 有効期間 | １日間 || 発売期間 | 通年 || 利用期間 | 通年 || 発売箇所 | 車内
相关信息: 万葉線
咨询: 万葉線 TEL:0766-25-4139","大人：900円／小人：450円 / 親子セット：1,100円",,,,,,,,,,１日間,通年,,通年,,https://www2s.biglobe.ne.jp/~t_aoyagi/railway/free/gazou/manyo.jpg | https://www2s.biglobe.ne.jp/~t_aoyagi/railway/free/map/manyo01.gif,,,https://www2s.biglobe.ne.jp/~t_aoyagi/railway/free/manyo01.htm | http://www.manyosen.co.jp/timetable/profit/index.html,車内,,,,
57,hokusinetu_57,万葉線･海王丸セットクーポン,"万葉線･海王丸セットクーポン || 関連情報 | 万葉線 || 問合わせ | 万葉線 TEL:0766-25-4139 || フリー区間 | 万葉線･海王丸セットクーポン / || 制限事項 | 海王丸乗船券(大人400円,小人200円)付き || ねだん | 大人：1,100円／小人：550円 || 有効期間 | １日間 || 発売期間 | 通年 || 利用期間 | 通年 || 発売箇所 | 車内
限制事项: 海王丸乗船券(大人400円,小人200円)付き
相关信息: 万葉線
咨询: 万葉線 TEL:0766-25-4139","大人：1,100円／小人：550円",,,,,,,,,,１日間,通年,,通年,,https://www2s.biglobe.ne.jp/~t_aoyagi/railway/free/map/manyo01.gif,,,https://www2s.biglobe.ne.jp/~t_aoyagi/railway/free/manyo03.htm | http://www.manyosen.co.jp/timetable/profit/index.html,車内,,,,
58,hokusinetu_58,高岡まちなか乗り放題１日フリーきっぷ,"高岡まちなか乗り放題１日フリーきっぷ || 関連情報 | 万葉線 たかおか道しるべ || 問合わせ | 万葉線 TEL:0766-25-4139 || フリー区間 | 高岡まちなか乗り放題１日フリーきっぷ / || 制限事項 || ねだん | 大人：500円 小人：250円 || 有効期間 | １日間 || 発売期間 | 通年 || 利用期間 | 通年 || 発売箇所 | 高岡駅観光案内所,新高岡駅観光交流センター
相关信息: 万葉線 たかおか道しるべ
咨询: 万葉線 TEL:0766-25-4139",大人：500円 小人：250円,,,,,,,,,,１日間,通年,,通年,,https://www2s.biglobe.ne.jp/~t_aoyagi/railway/free/map/manyo04.gif,,,https://www2s.biglobe.ne.jp/~t_aoyagi/railway/free/manyo04.htm | https://www.manyosen.co.jp/timetable/profit/ | https://www.takaoka.or.jp/service/#post-2839,"高岡駅観光案内所,新高岡駅観光交流センター",,,,
59,hokusinetu_59,新湊グルメ＆万葉線フリーきっぷ,"新湊グルメ＆万葉線フリーきっぷ || 関連情報 | 万葉線 富山myroute推進協議会 || 問合わせ | 万葉線 TEL:0766-25-4139 || フリー区間 | 新湊グルメ＆万葉線フリーきっぷ / || 制限事項 || ねだん | 大人：2,300円 小人：1,900円 || 有効期間 | １日間 || 発売期間 | 通年 || 利用期間 | 通年 || 発売箇所 | my route(マイルート)
相关信息: 万葉線 富山myroute推進協議会
咨询: 万葉線 TEL:0766-25-4139","大人：2,300円 小人：1,900円",,,,,,,,,,１日間,通年,,通年,,https://www2s.biglobe.ne.jp/~t_aoyagi/railway/free/map/manyo01.gif,,,https://www2s.biglobe.ne.jp/~t_aoyagi/railway/free/manyo05.htm | https://toyama-city.myroute.fun/info/500/ | https://www.myroute.fun/,my route(マイルート),,,,
60,hokusinetu_60,とやま周遊２dayパス,"とやま周遊２dayパス || 関連情報 | tabiwa 富山地方鉄道 あいの風とやま鉄道 万葉線 / myroute || 問合わせ | 富山myroute推進協議会 / || フリー区間 | とやま周遊２dayパス || 利用可能設備 | 新幹線ＪＲ特急・急行快速・普通 ライナー指定自由 ×▲▲▲○ ○：乗車可 ▲：乗車券のみ有効 ×：乗車不可 / || 制限事項 | 普通列車(新快速・快速を含む)の普通車自由席に乗車可。 特急・急行列車は、別途特急券、急行券等が必要。 新幹線には乗車できない。 || ねだん | 大人：1,550円／小人：770円 || 有効期間 | ２日間 || 発売期間 | 2026年3月1日～2027年3月31日 || 利用期間 | 2026年4月1日～2027年4月1日 || 発売箇所 | tabiwa my route(マイルート)
限制事项: 普通列車(新快速・快速を含む)の普通車自由席に乗車可。 特急・急行列車は、別途特急券、急行券等が必要。 新幹線には乗車できない。
相关信息: tabiwa 富山地方鉄道 あいの風とやま鉄道 万葉線 / myroute
咨询: 富山myroute推進協議会 /","大人：1,550円／小人：770円",,,,,,,,,,２日間,2026年3月1日～2027年3月31日,,2026年4月1日～2027年4月1日,,https://www2s.biglobe.ne.jp/~t_aoyagi/railway/free/map/jrwest38.gif,,新幹線ＪＲ特急・急行快速・普通 ライナー指定自由 ×▲▲▲○ ○：乗車可 ▲：乗車券のみ有効 ×：乗車不可 /,https://www2s.biglobe.ne.jp/~t_aoyagi/railway/free/jrwest39.htm | https://app.tabi-wester.westjr.co.jp/eticketDetails?ticket_id=J0001600 | https://top.myroute.fun/ticket/toyama#toyamawide | https://toyama-city.myroute.fun/info/459/ | https://www.chitetsu.co.jp/?p=63386,tabiwa my route(マイルート),,,,
61,hokusinetu_61,トレインパーク白山 IR・シャトルバスフリー乗車券,"トレインパーク白山 IR・シャトルバスフリー乗車券 || 関連情報 | IRいしかわ鉄道 RYDE PASS tabiwa by WESTER || 問合わせ | IRいしかわ鉄道 TEL:076-256-0560 || フリー区間 | / トレインパーク白山 IR・シャトルバスフリー乗車券 || 制限事項 || ねだん | 大人：600円／小人：300円 || 有効期間 | １日 || 発売期間 | 通年 || 利用期間 | 通年 || 発売箇所 | RYDE PASS tabiwa by WESTER
相关信息: IRいしかわ鉄道 RYDE PASS tabiwa by WESTER
咨询: IRいしかわ鉄道 TEL:076-256-0560",大人：600円／小人：300円,,,,,,,,,,１日,通年,,通年,,https://www2s.biglobe.ne.jp/~t_aoyagi/railway/free/map/irishikawa04.gif,,,https://www2s.biglobe.ne.jp/~t_aoyagi/railway/free/ishikawa04.htm | http://www.ishikawa-railway.jp/ticket/ticket_plan.html | https://app.tabi-wester.westjr.co.jp/eticketDetails?ticket_id=NH002900 | https://pass.ryde-go.com/products/QV804YSZZ7R9,RYDE PASS tabiwa by WESTER,,,,
62,hokusinetu_62,IRいしかわ(金沢・倶利伽羅)１日フリーきっぷ,"IRいしかわ(金沢・倶利伽羅) / １日フリーきっぷ || 関連情報 | IRいしかわ鉄道 RYDE PASS tabiwa by WESTER || 問合わせ | IRいしかわ鉄道 TEL:076-256-0560 || フリー区間 | / IRいしかわ(金沢・倶利伽羅)１日フリーきっぷ || 制限事項 || ねだん | 大人：500円／小人：---円 || 有効期間 | １日 || 発売期間 | 通年 || 利用期間 | 土休日 / 5/1～5/2,7/24～8/31,12/25～1/5) || 発売箇所 | 加賀温泉,小松,松任,金沢,津幡 / tabiwa by WESTER RYDE PASS
相关信息: IRいしかわ鉄道 RYDE PASS tabiwa by WESTER
咨询: IRいしかわ鉄道 TEL:076-256-0560",大人：500円／小人：---円,,,,,,,,,,１日,通年,,"土休日 / 5/1～5/2,7/24～8/31,12/25～1/5)",,https://www2s.biglobe.ne.jp/~t_aoyagi/railway/free/gazou/ishikawa01.jpg | https://www2s.biglobe.ne.jp/~t_aoyagi/railway/free/map/irishikawa01.gif,,,https://www2s.biglobe.ne.jp/~t_aoyagi/railway/free/ishikawa01.htm | http://www.ishikawa-railway.jp/ticket/ticket_plan.html | https://app.tabi-wester.westjr.co.jp/eticketDetails?ticket_id=NH001800 | https://pass.ryde-go.com/products/1N8XL4SYYW8Q | https://www2s.biglobe.ne.jp/~t_aoyagi/railway/free/ishikawa11.htm,"加賀温泉,小松,松任,金沢,津幡 / tabiwa by WESTER RYDE PASS",,,,
63,hokusinetu_63,IRいしかわ(金沢・大聖寺)１日フリーきっぷ,"IRいしかわ(大聖寺・金沢) / １日フリーきっぷ || 関連情報 | IRいしかわ鉄道 RYDE PASS || 問合わせ | IRいしかわ鉄道 TEL:076-256-0560 || フリー区間 | / IRいしかわ(大聖寺・金沢)１日フリーきっぷ || 制限事項 || ねだん | 大人：1,000円／小人：---円 || 有効期間 | １日 || 発売期間 | 通年 || 利用期間 | 土休日 / 5/1～5/2,7/24～8/31,12/25～1/5) || 発売箇所 | 加賀温泉,小松,松任,金沢,津幡 / RYDE PASS
相关信息: IRいしかわ鉄道 RYDE PASS
咨询: IRいしかわ鉄道 TEL:076-256-0560","大人：1,000円／小人：---円",,,,,,,,,,１日,通年,,"土休日 / 5/1～5/2,7/24～8/31,12/25～1/5)",,https://www2s.biglobe.ne.jp/~t_aoyagi/railway/free/map/irishikawa02.gif,,,https://www2s.biglobe.ne.jp/~t_aoyagi/railway/free/ishikawa02.htm | http://www.ishikawa-railway.jp/ticket/ticket_plan.html | https://pass.ryde-go.com/products/DV8DYDSJ918X,"加賀温泉,小松,松任,金沢,津幡 / RYDE PASS",,,,
64,hokusinetu_64,IRいしかわ(全線)１日フリーきっぷ,"IRいしかわ(全線) / １日フリーきっぷ || 関連情報 | IRいしかわ鉄道 RYDE PASS || 問合わせ | IRいしかわ鉄道 TEL:076-256-0560 || フリー区間 | / IRいしかわ(全線)１日フリーきっぷ || 制限事項 || ねだん | 大人：1,500円／小人：---円 || 有効期間 | １日 || 発売期間 | 通年 || 利用期間 | 土休日 / 5/1～5/2,7/24～8/31,12/25～1/5) || 発売箇所 | 加賀温泉,小松,松任,金沢,津幡 / RYDE PASS
相关信息: IRいしかわ鉄道 RYDE PASS
咨询: IRいしかわ鉄道 TEL:076-256-0560","大人：1,500円／小人：---円",,,,,,,,,,１日,通年,,"土休日 / 5/1～5/2,7/24～8/31,12/25～1/5)",,https://www2s.biglobe.ne.jp/~t_aoyagi/railway/free/map/irishikawa03.gif,,,https://www2s.biglobe.ne.jp/~t_aoyagi/railway/free/ishikawa03.htm | http://www.ishikawa-railway.jp/ticket/ticket_plan.html | https://pass.ryde-go.com/products/MW849MS54P37,"加賀温泉,小松,松任,金沢,津幡 / RYDE PASS",,,,
65,hokusinetu_65,北陸３県２Ｄａｙパス,"北陸３県２Ｄａｙパス || 関連情報 | ハピラインふくい IRいしかわ鉄道 あいの風とやま鉄道 / RYDE PASS my route tabiwa by WESTER ジョルダンモバイルチケット || 問合わせ | ハピラインふくい：0776-20-0294 / IRいしかわ鉄道：0778-22-0617 / あいの風とやま鉄道：0778-21-0706 || フリー区間 | 北陸３県２Ｄａｙパス || 制限事項 || ねだん | 大人：2,800円／小人：1,400円 || 有効期間 | ２日間 || 発売期間 | 2024年3月16日～2027年3月31日 || 利用期間 | 2024年3月16日～2027年3月31日の土曜日・日曜日・祝日とその翌日 / 2026年4月1日～2026年4月9日 / 2026年4月27日～2026年5月7日 / 2026年7月21日～2026年8月31日 / 2025年9月13日～2025年9月24日 / 2026年12月1日～2027年1月7日 / 2026年3月22日～2027年3月31日 / || 発売箇所 | RYDE PASS my route tabiwa by WESTER ふくアプリ(ふくいMaaS) ジョルダンモバイルチケット
相关信息: ハピラインふくい IRいしかわ鉄道 あいの風とやま鉄道 / RYDE PASS my route tabiwa by WESTER ジョルダンモバイルチケット
咨询: ハピラインふくい：0776-20-0294 / IRいしかわ鉄道：0778-22-0617 / あいの風とやま鉄道：0778-21-0706","大人：2,800円／小人：1,400円",,,,,,,,,,２日間,2024年3月16日～2027年3月31日,,2024年3月16日～2027年3月31日の土曜日・日曜日・祝日とその翌日 / 2026年4月1日～2026年4月9日 / 2026年4月27日～2026年5月7日 / 2026年7月21日～2026年8月31日 / 2025年9月13日～2025年9月24日 / 2026年12月1日～2027年1月7日 / 2026年3月22日～2027年3月31日 /,,https://www2s.biglobe.ne.jp/~t_aoyagi/railway/free/map/hokuriku3ken.gif,,,https://www2s.biglobe.ne.jp/~t_aoyagi/railway/free/hokuriku3ken.htm | https://ainokaze.co.jp/ticket/plan#s01 | https://app.tabi-wester.westjr.co.jp/eticketDetails?ticket_id=N3002300 | https://fukui-maas.jp/ | https://pass.ryde-go.com/products/D1R2L4SWPQ8V | https://ticket.jorudan.co.jp/ishikawa-railway/hokuriku/ja/ | https://top.myroute.fun/ticket/fukui | https://top.myroute.fun/ticket/ishikawa | https://www.hapi-line.co.jp/ticket/ticket_plan/05 | https://www.ishikawa-railway.jp/ticket/ticket_plan/,RYDE PASS my route tabiwa by WESTER ふくアプリ(ふくいMaaS) ジョルダンモバイルチケット,,,,
66,hokusinetu_66,IR・あいの風1日フリーきっぷ,"IR・あいの風１日フリーきっぷ / あいの風・IR１日フリーきっぷ || 関連情報 | IRいしかわ鉄道 あいの風とやま鉄道 my route || 問合わせ | IRいしかわ鉄道 TEL:076-256-0560 || フリー区間 | / IR・あいの風1日フリーきっぷ || 制限事項 | 「あいの風ライナー」,金沢～津幡間の特急列車を利用の際は、別途、ライナー券,特急券が必要 || ねだん | 大人：2,000円／小人：1,000円 || 有効期間 | １日 || 発売期間 | 2026年3月4日～2027年3月28日 / || 利用期間 | 2026年4月4日～2027年3月28日の土休日 / 2026年4月30日～2026年5月1日 / 2026年8月3日～2026年8月14日 / 2026年12月21日～2026年12月31日 || 発売箇所 | IRいしかわ鉄道： / 金沢,津幡,松任,小松,加賀温泉 / あいの風とやま鉄道： / 石動,福岡,西高岡,高岡,越中大門,小杉,呉羽,富山,東富山,水橋,滑川,魚津,黒部,生地,入善,泊 / my route
限制事项: 「あいの風ライナー」,金沢～津幡間の特急列車を利用の際は、別途、ライナー券,特急券が必要
相关信息: IRいしかわ鉄道 あいの風とやま鉄道 my route
咨询: IRいしかわ鉄道 TEL:076-256-0560","大人：2,000円／小人：1,000円",,,,,,,,,,１日,2026年3月4日～2027年3月28日 /,,2026年4月4日～2027年3月28日の土休日 / 2026年4月30日～2026年5月1日 / 2026年8月3日～2026年8月14日 / 2026年12月21日～2026年12月31日,,https://www2s.biglobe.ne.jp/~t_aoyagi/railway/free/map/irtoyama.gif,,,https://www2s.biglobe.ne.jp/~t_aoyagi/railway/free/irtoyama01.htm | http://www.ishikawa-railway.jp/ticket/ticket_plan.html | https://ainokaze.co.jp/ticket/plan#s04 | https://top.myroute.fun/ticket/toyama,"IRいしかわ鉄道： / 金沢,津幡,松任,小松,加賀温泉 / あいの風とやま鉄道： / 石動,福岡,西高岡,高岡,越中大門,小杉,呉羽,富山,東富山,水橋,滑川,魚津,黒部,生地,入善,泊 / my route",,,,
67,hokusinetu_67,金沢能登tabiwaパス,"金沢能登tabiwaパス || 関連情報 | tabiwa || 問合わせ | ＪＲ西日本 || フリー区間 | 金沢能登tabiwaパス || 利用可能設備 | 新幹線ＪＲ特急・急行快速・普通 ライナー指定自由 ×▲▲▲○ ○：乗車可 ▲：乗車券のみ有効 ×：乗車不可 / || 制限事項 | 普通列車(新快速・快速を含む)の普通車自由席に乗車可。 特急・急行列車は、別途特急券、急行券等が必要。 新幹線には乗車できない。 || ねだん | 大人：3,250円／小人：1,620円 || 有効期間 | 2日間 || 発売期間 | 2026年3月1日～2027年3月31日 || 利用期間 | 2026年4月1日～2027年4月1日 || 発売箇所 | tabiwa
限制事项: 普通列車(新快速・快速を含む)の普通車自由席に乗車可。 特急・急行列車は、別途特急券、急行券等が必要。 新幹線には乗車できない。
相关信息: tabiwa
咨询: ＪＲ西日本","大人：3,250円／小人：1,620円",,,,,,,,,,2日間,2026年3月1日～2027年3月31日,,2026年4月1日～2027年4月1日,,https://www2s.biglobe.ne.jp/~t_aoyagi/railway/free/map/jrwest46.gif,,新幹線ＪＲ特急・急行快速・普通 ライナー指定自由 ×▲▲▲○ ○：乗車可 ▲：乗車券のみ有効 ×：乗車不可 /,https://www2s.biglobe.ne.jp/~t_aoyagi/railway/free/jrwest46.htm | https://app.tabi-wester.westjr.co.jp/eticketDetails?ticket_id=J0001500,tabiwa,,,,
68,hokusinetu_68,子育て応援・金沢スマイルきっぷ,"子育て応援・金沢スマイルきっぷ || 関連情報 | IRいしかわ鉄道 RYDE PASS tabiwa by WESTER || 問合わせ | IRいしかわ鉄道 TEL:076-256-0560 || フリー区間 | / 子育て応援・金沢スマイルきっぷ || 制限事項 | 大人券の利用は小学生または中学生との同時利用に限る。 || ねだん | 大人：400円／小人：100円／中学生：200円 || 有効期間 | １日 || 有効期間 | １日 || 発売期間 | 2026年4月1日～2027年3月31日 || 利用期間 | 2026年4月1日～2027年3月31日の土日祝 / 2026年4月1日～2026年4月6日 / 2026年4月27日～2026年5月1日 / 2026年7月21日～2026年8月31日 / 2026年12月21日～2027年1月6日 / 2027年3月22日～2027年3月31日 || 発売箇所 | 加賀温泉,小松,松任,金沢,津幡 / tabiwa by WESTER RYDE PASS ジョルダン「乗換案内」 my route / マルチコピー機設置のセブンイレブン店舗
限制事项: 大人券の利用は小学生または中学生との同時利用に限る。
相关信息: IRいしかわ鉄道 RYDE PASS tabiwa by WESTER
咨询: IRいしかわ鉄道 TEL:076-256-0560",大人：400円／小人：100円／中学生：200円,,,,,,,,,,１日,2026年4月1日～2027年3月31日,,2026年4月1日～2027年3月31日の土日祝 / 2026年4月1日～2026年4月6日 / 2026年4月27日～2026年5月1日 / 2026年7月21日～2026年8月31日 / 2026年12月21日～2027年1月6日 / 2027年3月22日～2027年3月31日,,https://www2s.biglobe.ne.jp/~t_aoyagi/railway/free/map/irishikawa11.gif,,,https://www2s.biglobe.ne.jp/~t_aoyagi/railway/free/ishikawa11.htm | http://www.ishikawa-railway.jp/ticket/ticket_plan.html | https://7ticket.jp/sp/ishikawa-railway | https://app.tabi-wester.westjr.co.jp/eticketDetails?ticket_id=N3001300 | https://pass.ryde-go.com/products/078W0DS1458Z | https://ticket.jorudan.co.jp/ishikawa-railway/ja/index.html?sitein=bnr_Ir_ishikawa_Official__Site | https://ticket.myroute.fun/030200/030201,"加賀温泉,小松,松任,金沢,津幡 / tabiwa by WESTER RYDE PASS ジョルダン「乗換案内」 my route / マルチコピー機設置のセブンイレブン店舗",,,,
69,hokusinetu_69,子育て応援・白山スマイルきっぷ,"子育て応援・白山スマイルきっぷ || 関連情報 | IRいしかわ鉄道 RYDE PASS tabiwa by WESTER || 問合わせ | IRいしかわ鉄道 TEL:076-256-0560 || フリー区間 | / 子育て応援・白山スマイルきっぷ || 制限事項 | 大人券の利用は小学生または中学生との同時利用に限る。 || ねだん | 大人：400円／小人：100円／中学生：200円 || 有効期間 | １日 || 有効期間 | １日 || 発売期間 | 2026年4月1日～2027年3月31日 || 利用期間 | 2026年4月1日～2027年3月31日の土日祝 / 2026年4月1日～2026年4月6日 / 2026年4月27日～2026年5月1日 / 2026年7月21日～2026年8月31日 / 2026年12月21日～2027年1月6日 / 2027年3月22日～2027年3月31日 || 発売箇所 | 加賀温泉,小松,松任,金沢,津幡 / tabiwa by WESTER RYDE PASS ジョルダン「乗換案内」 my route / マルチコピー機設置のセブンイレブン店舗
限制事项: 大人券の利用は小学生または中学生との同時利用に限る。
相关信息: IRいしかわ鉄道 RYDE PASS tabiwa by WESTER
咨询: IRいしかわ鉄道 TEL:076-256-0560",大人：400円／小人：100円／中学生：200円,,,,,,,,,,１日,2026年4月1日～2027年3月31日,,2026年4月1日～2027年3月31日の土日祝 / 2026年4月1日～2026年4月6日 / 2026年4月27日～2026年5月1日 / 2026年7月21日～2026年8月31日 / 2026年12月21日～2027年1月6日 / 2027年3月22日～2027年3月31日,,https://www2s.biglobe.ne.jp/~t_aoyagi/railway/free/map/irishikawa12.gif,,,https://www2s.biglobe.ne.jp/~t_aoyagi/railway/free/ishikawa12.htm | http://www.ishikawa-railway.jp/ticket/ticket_plan.html | https://7ticket.jp/sp/ishikawa-railway | https://app.tabi-wester.westjr.co.jp/ticketList/?prefecture_id=9&category_id=transportation&region_id=20 | https://pass.ryde-go.com/products/1N3XL4SYMV3Q | https://ticket.jorudan.co.jp/ishikawa-railway/ja/index.html?sitein=bnr_Ir_ishikawa_Official__Site | https://ticket.myroute.fun/030200/030201,"加賀温泉,小松,松任,金沢,津幡 / tabiwa by WESTER RYDE PASS ジョルダン「乗換案内」 my route / マルチコピー機設置のセブンイレブン店舗",,,,
70,hokusinetu_70,子育て応援・南加賀スマイルきっぷ,"子育て応援・南加賀スマイルきっぷ || 関連情報 | IRいしかわ鉄道 RYDE PASS tabiwa by WESTER || 問合わせ | IRいしかわ鉄道 TEL:076-256-0560 || フリー区間 | / 子育て応援・南加賀スマイルきっぷ || 制限事項 | 大人券の利用は小学生または中学生との同時利用に限る。 || ねだん | 大人：400円／小人：100円／中学生：200円 || 有効期間 | １日 || 発売期間 | 2026年4月1日～2027年3月31日 || 利用期間 | 2026年4月1日～2027年3月31日の土日祝 / 2026年4月1日～2026年4月6日 / 2026年4月27日～2026年5月1日 / 2026年7月21日～2026年8月31日 / 2026年12月21日～2027年1月6日 / 2027年3月22日～2027年3月31日 || 発売箇所 | 加賀温泉,小松,松任,金沢,津幡 / tabiwa RYDE PASS ジョルダン「乗換案内」 my route / マルチコピー機設置のセブンイレブン店舗
限制事项: 大人券の利用は小学生または中学生との同時利用に限る。
相关信息: IRいしかわ鉄道 RYDE PASS tabiwa by WESTER
咨询: IRいしかわ鉄道 TEL:076-256-0560",大人：400円／小人：100円／中学生：200円,,,,,,,,,,１日,2026年4月1日～2027年3月31日,,2026年4月1日～2027年3月31日の土日祝 / 2026年4月1日～2026年4月6日 / 2026年4月27日～2026年5月1日 / 2026年7月21日～2026年8月31日 / 2026年12月21日～2027年1月6日 / 2027年3月22日～2027年3月31日,,https://www2s.biglobe.ne.jp/~t_aoyagi/railway/free/map/irishikawa13.gif,,,https://www2s.biglobe.ne.jp/~t_aoyagi/railway/free/ishikawa13.htm | https://7ticket.jp/sp/ishikawa-railway | https://app.tabi-wester.westjr.co.jp/eticketDetails?ticket_id=N3001200 | https://pass.ryde-go.com/products/VGRJ2QSK6MRW | https://ticket.jorudan.co.jp/ishikawa-railway/ja/index.html?sitein=bnr_Ir_ishikawa_Official__Site | https://ticket.myroute.fun/030200/030201 | https://www.ishikawa-railway.jp/ticket/ticket_plan/,"加賀温泉,小松,松任,金沢,津幡 / tabiwa RYDE PASS ジョルダン「乗換案内」 my route / マルチコピー機設置のセブンイレブン店舗",,,,
71,hokusinetu_71,子育て応援・全線スマイルきっぷ,"子育て応援・全線スマイルきっぷ || 関連情報 | IRいしかわ鉄道 RYDE PASS tabiwa by WESTER || 問合わせ | IRいしかわ鉄道 TEL:076-256-0560 || フリー区間 | / 子育て応援・全線スマイルきっぷ || 制限事項 | 大人券の利用は小学生または中学生との同時利用に限る。 || ねだん | 大人：800円／小人：200円／中学生：400円 || 有効期間 | １日 || 有効期間 | １日 || 発売期間 | 2026年4月1日～2027年3月31日 || 利用期間 | 2026年4月1日～2027年3月31日の土日祝 / 2026年4月1日～2026年4月6日 / 2026年4月27日～2026年5月1日 / 2026年7月21日～2026年8月31日 / 2026年12月21日～2027年1月6日 / 2027年3月22日～2027年3月31日 || 発売箇所 | 加賀温泉,小松,松任,金沢,津幡 / tabiwa by WESTER RYDE PASS ジョルダン「乗換案内」 my route / マルチコピー機設置のセブンイレブン店舗
限制事项: 大人券の利用は小学生または中学生との同時利用に限る。
相关信息: IRいしかわ鉄道 RYDE PASS tabiwa by WESTER
咨询: IRいしかわ鉄道 TEL:076-256-0560",大人：800円／小人：200円／中学生：400円,,,,,,,,,,１日,2026年4月1日～2027年3月31日,,2026年4月1日～2027年3月31日の土日祝 / 2026年4月1日～2026年4月6日 / 2026年4月27日～2026年5月1日 / 2026年7月21日～2026年8月31日 / 2026年12月21日～2027年1月6日 / 2027年3月22日～2027年3月31日,,https://www2s.biglobe.ne.jp/~t_aoyagi/railway/free/map/irishikawa03.gif,,,https://www2s.biglobe.ne.jp/~t_aoyagi/railway/free/ishikawa14.htm | http://www.ishikawa-railway.jp/ticket/ticket_plan.html | https://7ticket.jp/sp/ishikawa-railway | https://app.tabi-wester.westjr.co.jp/eticketDetails?ticket_id=N3001100 | https://pass.ryde-go.com/products/Q7RG1MS2Y28V | https://ticket.jorudan.co.jp/ishikawa-railway/ja/index.html?sitein=bnr_Ir_ishikawa_Official__Site | https://ticket.myroute.fun/030200/030201,"加賀温泉,小松,松任,金沢,津幡 / tabiwa by WESTER RYDE PASS ジョルダン「乗換案内」 my route / マルチコピー機設置のセブンイレブン店舗",,,,
72,hokusinetu_72,鉄道の日お出かけ１日フリーきっぷ(能美根上～金沢),"鉄道の日お出かけ１日フリーきっぷ（能美根上～金沢） || 関連情報 | RYDE PASS || 問合わせ | IRいしかわ鉄道 TEL:076-256-0560 || フリー区間 | / 鉄道の日お出かけ１日フリーきっぷ（能美根上～金沢） || 制限事項 || ねだん | 大人：400円／小人：200円 || 有効期間 | １日 || 発売期間 | 2024年9月17日～2024年10月14日 || 利用期間 | 2024年10月12日～2024年10月14日 || 発売箇所 | RYDE PASS || 発売枚数
相关信息: RYDE PASS
咨询: IRいしかわ鉄道 TEL:076-256-0560",大人：400円／小人：200円,,,,,,,,,,１日,2024年9月17日～2024年10月14日,,2024年10月12日～2024年10月14日,,https://www2s.biglobe.ne.jp/~t_aoyagi/railway/free/map/irishikawa102.gif,,,https://www2s.biglobe.ne.jp/~t_aoyagi/railway/free/ishikawa102.htm | https://pass.ryde-go.com/products/QV304YSZEK89,RYDE PASS,,,,
73,hokusinetu_73,鉄道の日お出かけ１日フリーきっぷ(能美根上～大聖寺),"鉄道の日お出かけ１日フリーきっぷ（大聖寺～能美根上） || 関連情報 | RYDE PASS || 問合わせ | IRいしかわ鉄道 TEL:076-256-0560 || フリー区間 | / 鉄道の日お出かけ１日フリーきっぷ（大聖寺～能美根上） || 制限事項 || ねだん | 大人：400円／小人：200円 || 有効期間 | １日 || 発売期間 | 2024年9月17日～2024年10月14日 || 利用期間 | 2024年10月12日～2024年10月14日 || 発売箇所 | RYDE PASS || 発売枚数
相关信息: RYDE PASS
咨询: IRいしかわ鉄道 TEL:076-256-0560",大人：400円／小人：200円,,,,,,,,,,１日,2024年9月17日～2024年10月14日,,2024年10月12日～2024年10月14日,,https://www2s.biglobe.ne.jp/~t_aoyagi/railway/free/map/irishikawa103.gif,,,https://www2s.biglobe.ne.jp/~t_aoyagi/railway/free/ishikawa103.htm | https://pass.ryde-go.com/products/Z7RQWVS4Q4RN,RYDE PASS,,,,
74,hokusinetu_74,ゴールデンウィークお出かけ1日フリーきっぷ(野々市～倶利伽羅),"ゴールデンウィークお出かけ1日フリーきっぷ（野々市～倶利伽羅） || 関連情報 | IRいしかわ鉄道 RYDE PASS || 問合わせ | IRいしかわ鉄道 TEL:076-256-0560 || フリー区間 | / ゴールデンウィークお出かけ1日フリーきっぷ（野々市～倶利伽羅） || 制限事項 || ねだん | 大人：400円／小人：-円 || 有効期間 | １日 || 発売期間 | 2025年4月25日～2025年5月11日 || 利用期間 | 2025年4月26日～2025年5月11日 || 発売箇所 | RYDE PASS || 発売枚数
相关信息: IRいしかわ鉄道 RYDE PASS
咨询: IRいしかわ鉄道 TEL:076-256-0560",大人：400円／小人：-円,,,,,,,,,,１日,2025年4月25日～2025年5月11日,,2025年4月26日～2025年5月11日,,https://www2s.biglobe.ne.jp/~t_aoyagi/railway/free/map/irishikawa101.gif,,,https://www2s.biglobe.ne.jp/~t_aoyagi/railway/free/ishikawa121.htm | https://pass.ryde-go.com/products/D132L4SWLWRV | https://www.ishikawa-railway.jp/news/983,RYDE PASS,,,,
75,hokusinetu_75,ゴールデンウィークお出かけ1日フリーきっぷ(能美根上～金沢),"ゴールデンウィークお出かけ1日フリーきっぷ（能美根上～金沢） || 関連情報 | IRいしかわ鉄道 RYDE PASS || 問合わせ | IRいしかわ鉄道 TEL:076-256-0560 || フリー区間 | / ゴールデンウィークお出かけ1日フリーきっぷ（能美根上～金沢） || 制限事項 || ねだん | 大人：400円／小人：-円 || 有効期間 | １日 || 発売期間 | 2025年4月25日～2025年5月11日 || 利用期間 | 2025年4月26日～2025年5月11日 || 発売箇所 | RYDE PASS || 発売枚数
相关信息: IRいしかわ鉄道 RYDE PASS
咨询: IRいしかわ鉄道 TEL:076-256-0560",大人：400円／小人：-円,,,,,,,,,,１日,2025年4月25日～2025年5月11日,,2025年4月26日～2025年5月11日,,https://www2s.biglobe.ne.jp/~t_aoyagi/railway/free/map/irishikawa102.gif,,,https://www2s.biglobe.ne.jp/~t_aoyagi/railway/free/ishikawa122.htm | https://pass.ryde-go.com/products/KGR5L0SZQ48J | https://www.ishikawa-railway.jp/news/983,RYDE PASS,,,,
76,hokusinetu_76,ゴールデンウィークお出かけ1日フリーきっぷ(能美根上～大聖寺),"ゴールデンウィークお出かけ1日フリーきっぷ（大聖寺～能美根上） || 関連情報 | IRいしかわ鉄道 RYDE PASS || 問合わせ | IRいしかわ鉄道 TEL:076-256-0560 || フリー区間 | / ゴールデンウィークお出かけ1日フリーきっぷ（大聖寺～能美根上） || 制限事項 || ねだん | 大人：400円／小人：-円 || 有効期間 | １日 || 発売期間 | 2025年4月25日～2025年5月11日 || 利用期間 | 2025年4月26日～2025年5月11日 || 発売箇所 | RYDE PASS || 発売枚数
相关信息: IRいしかわ鉄道 RYDE PASS
咨询: IRいしかわ鉄道 TEL:076-256-0560",大人：400円／小人：-円,,,,,,,,,,１日,2025年4月25日～2025年5月11日,,2025年4月26日～2025年5月11日,,https://www2s.biglobe.ne.jp/~t_aoyagi/railway/free/map/irishikawa102.gif,,,https://www2s.biglobe.ne.jp/~t_aoyagi/railway/free/ishikawa123.htm | https://pass.ryde-go.com/products/G98P5JSGPZ85 | https://www.ishikawa-railway.jp/news/983,RYDE PASS,,,,
77,hokusinetu_77,納涼うちわフリーきっぷ,"納涼うちわフリーきっぷ || 関連情報 | IRいしかわ鉄道 || 問合わせ | IRいしかわ鉄道 TEL:076-256-0560 || フリー区間 | / 納涼うちわフリーきっぷ || 制限事項 || ねだん | 大人：1,500円／小人：750円 || 有効期間 | １日 || 発売期間 | 2024年7月22日～2024年9月1日 || 利用期間 | 2024年7月22日～2024年9月1日 || 発売箇所 | 加賀温泉,小松,松任,金沢,津幡のIR各駅窓口 || 発売枚数 | 2,000枚
其他详情: {""発売枚数"": ""2,000枚""}
相关信息: IRいしかわ鉄道
咨询: IRいしかわ鉄道 TEL:076-256-0560","大人：1,500円／小人：750円",,,,,,,,,,１日,2024年7月22日～2024年9月1日,,2024年7月22日～2024年9月1日,,https://www2s.biglobe.ne.jp/~t_aoyagi/railway/free/map/irishikawa03.gif,,,https://www2s.biglobe.ne.jp/~t_aoyagi/railway/free/ishikawa96.htm | http://www.ishikawa-railway.jp/news/823,"加賀温泉,小松,松任,金沢,津幡のIR各駅窓口",,,,
78,hokusinetu_78,ツエーゲン応援1日フリーきっぷ(東金沢～能美根上),"ツエーゲン応援1日フリーきっぷ(東金沢～能美根上) || 関連情報 | IRいしかわ鉄道 RYDE PASS || 問合わせ | IRいしかわ鉄道 TEL:076-256-0560 || フリー区間 | / ツエーゲン応援1日フリーきっぷ(東金沢～能美根上) || 制限事項 || ねだん | 大人：500円／小人：-円 || 有効期間 | １日 || 発売期間 | 2026年2月20日～2026年5月24日 || 利用期間 | ホームゲーム開催日 / 3/1、3/8、3/22、4/12、4/25、5/3、5/6、5/10、5/24 || 発売箇所 | RYDE PASS || 発売枚数
相关信息: IRいしかわ鉄道 RYDE PASS
咨询: IRいしかわ鉄道 TEL:076-256-0560",大人：500円／小人：-円,,,,,,,,,,１日,2026年2月20日～2026年5月24日,,ホームゲーム開催日 / 3/1、3/8、3/22、4/12、4/25、5/3、5/6、5/10、5/24,,https://www2s.biglobe.ne.jp/~t_aoyagi/railway/free/map/irishikawa97.gif,,,https://www2s.biglobe.ne.jp/~t_aoyagi/railway/free/ishikawa97.htm | https://pass.ryde-go.com/products/VG3J2QSZ743W | https://www.ishikawa-railway.jp/ticket/ticket_plan/,RYDE PASS,,,,
79,hokusinetu_79,ツエーゲン応援1日フリーきっぷ(東金沢～大聖寺),"ツエーゲン応援1日フリーきっぷ(東金沢～大聖寺) || 関連情報 | IRいしかわ鉄道 RYDE PASS || 問合わせ | IRいしかわ鉄道 TEL:076-256-0560 || フリー区間 | / ツエーゲン応援1日フリーきっぷ(東金沢～大聖寺) || 制限事項 || ねだん | 大人：1,000円／小人：-円 || 有効期間 | １日 || 発売期間 | 2026年2月20日～2026年5月24日 || 利用期間 | ホームゲーム開催日 / 3/1、3/8、3/22、4/12、4/25、5/3、5/6、5/10、5/24 || 発売箇所 | RYDE PASS || 発売枚数
相关信息: IRいしかわ鉄道 RYDE PASS
咨询: IRいしかわ鉄道 TEL:076-256-0560","大人：1,000円／小人：-円",,,,,,,,,,１日,2026年2月20日～2026年5月24日,,ホームゲーム開催日 / 3/1、3/8、3/22、4/12、4/25、5/3、5/6、5/10、5/24,,https://www2s.biglobe.ne.jp/~t_aoyagi/railway/free/map/irishikawa98.gif,,,https://www2s.biglobe.ne.jp/~t_aoyagi/railway/free/ishikawa98.htm | https://pass.ryde-go.com/products/DV8DYDS6468X | https://www.ishikawa-railway.jp/ticket/ticket_plan/,RYDE PASS,,,,
80,hokusinetu_80,周年記念１日フリーきっぷ(野々市～倶利伽羅),"鉄道の日お出かけ１日フリーきっぷ（野々市～倶利伽羅） || 関連情報 | RYDE PASS || 問合わせ | IRいしかわ鉄道 TEL:076-256-0560 || フリー区間 | / 鉄道の日お出かけ１日フリーきっぷ（野々市～倶利伽羅） || 制限事項 || ねだん | 大人：400円／小人：200円 || 有効期間 | １日 || 発売期間 | 2024年9月17日～2024年10月14日 || 利用期間 | 2024年10月12日～2024年10月14日 || 発売箇所 | RYDE PASS || 発売枚数
相关信息: RYDE PASS
咨询: IRいしかわ鉄道 TEL:076-256-0560",大人：400円／小人：200円,,,,,,,,,,１日,2024年9月17日～2024年10月14日,,2024年10月12日～2024年10月14日,,https://www2s.biglobe.ne.jp/~t_aoyagi/railway/free/map/irishikawa101.gif,,,https://www2s.biglobe.ne.jp/~t_aoyagi/railway/free/ishikawa101.htm | https://pass.ryde-go.com/products/Q73G1MS2NWRV,RYDE PASS,,,,
81,hokusinetu_81,周年記念１日フリーきっぷ(能美根上～金沢),"鉄道の日お出かけ１日フリーきっぷ（能美根上～金沢） || 関連情報 | RYDE PASS || 問合わせ | IRいしかわ鉄道 TEL:076-256-0560 || フリー区間 | / 鉄道の日お出かけ１日フリーきっぷ（能美根上～金沢） || 制限事項 || ねだん | 大人：400円／小人：200円 || 有効期間 | １日 || 発売期間 | 2024年9月17日～2024年10月14日 || 利用期間 | 2024年10月12日～2024年10月14日 || 発売箇所 | RYDE PASS || 発売枚数
相关信息: RYDE PASS
咨询: IRいしかわ鉄道 TEL:076-256-0560",大人：400円／小人：200円,,,,,,,,,,１日,2024年9月17日～2024年10月14日,,2024年10月12日～2024年10月14日,,https://www2s.biglobe.ne.jp/~t_aoyagi/railway/free/map/irishikawa102.gif,,,https://www2s.biglobe.ne.jp/~t_aoyagi/railway/free/ishikawa102.htm | https://pass.ryde-go.com/products/QV304YSZEK89,RYDE PASS,,,,
82,hokusinetu_82,周年記念１日フリーきっぷ(能美根上～大聖寺),"鉄道の日お出かけ１日フリーきっぷ（大聖寺～能美根上） || 関連情報 | RYDE PASS || 問合わせ | IRいしかわ鉄道 TEL:076-256-0560 || フリー区間 | / 鉄道の日お出かけ１日フリーきっぷ（大聖寺～能美根上） || 制限事項 || ねだん | 大人：400円／小人：200円 || 有効期間 | １日 || 発売期間 | 2024年9月17日～2024年10月14日 || 利用期間 | 2024年10月12日～2024年10月14日 || 発売箇所 | RYDE PASS || 発売枚数
相关信息: RYDE PASS
咨询: IRいしかわ鉄道 TEL:076-256-0560",大人：400円／小人：200円,,,,,,,,,,１日,2024年9月17日～2024年10月14日,,2024年10月12日～2024年10月14日,,https://www2s.biglobe.ne.jp/~t_aoyagi/railway/free/map/irishikawa103.gif,,,https://www2s.biglobe.ne.jp/~t_aoyagi/railway/free/ishikawa103.htm | https://pass.ryde-go.com/products/Z7RQWVS4Q4RN,RYDE PASS,,,,
83,hokusinetu_83,奥能登まるごとフリーきっぷ,"奥能登まるごとフリーきっぷ || 関連情報 | のと鉄道 北陸鉄道 || 問合わせ | 北鉄奥能登バス TEL:0768-22-2314 / のと鉄道 TEL:0768-52-0900 || フリー区間 | / 奥能登まるごとフリーきっぷ || 制限事項 | 特急バスは穴水～輪島間および穴水～珠洲間のみ利用可。 ＪＲの特急列車は利用不可のと鉄道の観光列車「のと里山里海号」は500円の追加料金必要。 || ねだん | 大人：3,000円／小人：1、500円 || 有効期間 | ２日 || 発売期間 | 通年 || 利用期間 | 通年 || 発売箇所 | 北鉄奥能登バス輪島旅行センター(輪島ふらっと訪夢) / たびスタ(コンセールのと(能登町役場前)) / 飯田支所 のと鉄道七尾,穴水
限制事项: 特急バスは穴水～輪島間および穴水～珠洲間のみ利用可。 ＪＲの特急列車は利用不可のと鉄道の観光列車「のと里山里海号」は500円の追加料金必要。
相关信息: のと鉄道 北陸鉄道
咨询: 北鉄奥能登バス TEL:0768-22-2314 / のと鉄道 TEL:0768-52-0900","大人：3,000円／小人：1、500円",,,,,,,,,,２日,通年,,通年,,https://www2s.biglobe.ne.jp/~t_aoyagi/railway/free/map/noto02.gif,,,https://www2s.biglobe.ne.jp/~t_aoyagi/railway/free/noto02.htm | http://www.hokutetsu.co.jp/tourism-bus/okunoto-freekippu | http://www.nototetsu.co.jp/tokuticket.html,"北鉄奥能登バス輪島旅行センター(輪島ふらっと訪夢) / たびスタ(コンセールのと(能登町役場前)) / 飯田支所 のと鉄道七尾,穴水",,,,
84,hokusinetu_84,つこうてくだしフリーきっぷ,"つこうてくだしフリーきっぷ || 関連情報 | のと鉄道 || 問合わせ | のと鉄道 TEL:0768-52-0900 || フリー区間 | / つこうてくだしフリーきっぷ || 制限事項 || ねだん | 大人：1,000円／小人：500円 || 有効期間 | １日 || 発売期間 | 通年 || 利用期間 | 土休日、12月29日～1月3日 || 発売箇所 | 穴水,能登中島,田鶴浜,七尾 / 車内
相关信息: のと鉄道
咨询: のと鉄道 TEL:0768-52-0900","大人：1,000円／小人：500円",,,,,,,,,,１日,通年,,土休日、12月29日～1月3日,,https://www2s.biglobe.ne.jp/~t_aoyagi/railway/free/map/noto01.gif,,,https://www2s.biglobe.ne.jp/~t_aoyagi/railway/free/noto01.htm | https://nototetsu.jp/fare/,"穴水,能登中島,田鶴浜,七尾 / 車内",,,,
85,hokusinetu_85,沿線復興応援フリーきっぷ,"沿線復興応援フリーきっぷ || 関連情報 | のと鉄道 RYDE PASS || 問合わせ | のと鉄道・穴水駅 TEL:0768-52-0073 || フリー区間 | / 沿線復興応援フリーきっぷ || 制限事項 || ねだん | 大人：2,000円／小人：1,000円 / 大人：1,000円／小人：500円 ※割引コード「ntp681」 || 有効期間 | １日 || 発売期間 | 2025年7月14日～2026年1月31日 || 利用期間 | 2025年7月19日～2026年1月31日の土日祝日 / 2025年12月29日～2026年1月3日の毎日 || 発売箇所 | RYDE PASS
相关信息: のと鉄道 RYDE PASS
咨询: のと鉄道・穴水駅 TEL:0768-52-0073","大人：2,000円／小人：1,000円 / 大人：1,000円／小人：500円 ※割引コード「ntp681」",,,,,,,,,,１日,2025年7月14日～2026年1月31日,,2025年7月19日～2026年1月31日の土日祝日 / 2025年12月29日～2026年1月3日の毎日,,https://www2s.biglobe.ne.jp/~t_aoyagi/railway/free/map/noto01.gif,,,https://www2s.biglobe.ne.jp/~t_aoyagi/railway/free/noto94.htm | https://nototetsu.jp/news/%e3%83%87%e3%82%b8%e3%82%bf%e3%83%ab%e4%b9%97%e8%bb%8a%e5%88%b8-%e6%b2%bf%e7%b7%9a%e5%be%a9%e8%88%88%e5%bf%9c%e6%8f%b4%e3%83%95%e3%83%aa%e3%83%bc%e3%81%8d%e3%81%a3%e3%81%b7/ | https://pass.ryde-go.com/products/QV804YSG7JR9,RYDE PASS,,,,
86,hokusinetu_86,金沢能登tabiwaパス,"金沢能登tabiwaパス || 関連情報 | tabiwa || 問合わせ | ＪＲ西日本 || フリー区間 | 金沢能登tabiwaパス || 利用可能設備 | 新幹線ＪＲ特急・急行快速・普通 ライナー指定自由 ×▲▲▲○ ○：乗車可 ▲：乗車券のみ有効 ×：乗車不可 / || 制限事項 | 普通列車(新快速・快速を含む)の普通車自由席に乗車可。 特急・急行列車は、別途特急券、急行券等が必要。 新幹線には乗車できない。 || ねだん | 大人：3,250円／小人：1,620円 || 有効期間 | 2日間 || 発売期間 | 2026年3月1日～2027年3月31日 || 利用期間 | 2026年4月1日～2027年4月1日 || 発売箇所 | tabiwa
限制事项: 普通列車(新快速・快速を含む)の普通車自由席に乗車可。 特急・急行列車は、別途特急券、急行券等が必要。 新幹線には乗車できない。
相关信息: tabiwa
咨询: ＪＲ西日本","大人：3,250円／小人：1,620円",,,,,,,,,,2日間,2026年3月1日～2027年3月31日,,2026年4月1日～2027年4月1日,,https://www2s.biglobe.ne.jp/~t_aoyagi/railway/free/map/jrwest46.gif,,新幹線ＪＲ特急・急行快速・普通 ライナー指定自由 ×▲▲▲○ ○：乗車可 ▲：乗車券のみ有効 ×：乗車不可 /,https://www2s.biglobe.ne.jp/~t_aoyagi/railway/free/jrwest46.htm | https://app.tabi-wester.westjr.co.jp/eticketDetails?ticket_id=J0001500,tabiwa,,,,
87,hokusinetu_87,石川線・浅野川線共通一日フリー乗車券,"鉄道線全線1日フリー乗車券 || 関連情報 | 北陸鉄道 のりまっし金沢 || 問合わせ | 北陸鉄道・鉄道部 TEL:076-272-2221 / 北陸鉄道テレホンサービスセンター TEL:076-237-5115 || フリー区間 | / 鉄道線全線1日フリー乗車券 || 制限事項 | 臨時電車には乗車不可 || ねだん | 大人：1,100円／小人：550円 || 有効期間 | １日 || 発売期間 | 通年 || 利用期間 | 通年 || 発売箇所 | 硬券タイプ：新西金沢,北鉄金沢,北鉄駅前センター / 券売機：野町,鶴来,内灘 / デジタルタイプ：のりまっし金沢
限制事项: 臨時電車には乗車不可
相关信息: 北陸鉄道 のりまっし金沢
咨询: 北陸鉄道・鉄道部 TEL:076-272-2221 / 北陸鉄道テレホンサービスセンター TEL:076-237-5115","大人：1,100円／小人：550円",,,,,,,,,,１日,通年,,通年,,https://www2s.biglobe.ne.jp/~t_aoyagi/railway/free/gazou/hokuriku01.jpg | https://www2s.biglobe.ne.jp/~t_aoyagi/railway/free/map/hokutetu.gif,,,https://www2s.biglobe.ne.jp/~t_aoyagi/railway/free/hokuriku01.htm | https://norimasshi.city.kanazawa.ishikawa.jp/main/detail.html?seq=3 | https://www.hokutetsu.co.jp/ticket/train-free/,"硬券タイプ：新西金沢,北鉄金沢,北鉄駅前センター / 券売機：野町,鶴来,内灘 / デジタルタイプ：のりまっし金沢",,,,
88,hokusinetu_88,金沢市内１日フリー乗車券,"金沢市内１日フリー乗車券 || 関連情報 | 北陸鉄道 のりまっし金沢 || 問合わせ | 北陸鉄道テレホンサービスセンター TEL：076-237-5115（8：00～19：00） || フリー区間 | / 金沢市内１日フリー乗車券 || 制限事項 || ねだん | 大人：800円／小人：400円 || 有効期間 | １日間 || 発売期間 | 通年 || 利用期間 | 通年 || 発売箇所 | 野町,新西金沢,北鉄金沢 / 北陸鉄道チケットセンター / 金沢駅東口バスターミナル北鉄グループ案内所 / 北鉄バスサービスセンター武蔵エムザ店 / デジタル交通サービス「のりまっし金沢」
相关信息: 北陸鉄道 のりまっし金沢
咨询: 北陸鉄道テレホンサービスセンター TEL：076-237-5115（8：00～19：00）",大人：800円／小人：400円,,,,,,,,,,１日間,通年,,通年,,https://www2s.biglobe.ne.jp/~t_aoyagi/railway/free/map/hokutetu05.gif,,,https://www2s.biglobe.ne.jp/~t_aoyagi/railway/free/hokuriku05.htm | http://www.hokutetsu.co.jp/tourism-bus/oneday | https://norimasshi.city.kanazawa.ishikawa.jp/ | https://norimasshi.city.kanazawa.ishikawa.jp/main/detail.html?seq=1,"野町,新西金沢,北鉄金沢 / 北陸鉄道チケットセンター / 金沢駅東口バスターミナル北鉄グループ案内所 / 北鉄バスサービスセンター武蔵エムザ店 / デジタル交通サービス「のりまっし金沢」",,,,
89,hokusinetu_89,浅野川線平日限定シルバー1日フリーエコきっぷ 【70歳以上】,"浅野川線平日限定シルバー1日フリーエコきっぷ || 関連情報 | 北陸鉄道 || 問合わせ | 北陸鉄道・鉄道部 TEL：076-272-2221（9：00～17：00） || フリー区間 | / 浅野川線平日限定シルバー1日フリーエコきっぷ || 制限事項 | 70歳以上 / 購入時に公的機関発行の身分証明書が必要 || ねだん | 大人：500円 || 有効期間 | １日 || 発売期間 | 通年 || 利用期間 | 平日 || 発売箇所 | 内灘,割出,北鉄金沢
限制事项: 70歳以上 / 購入時に公的機関発行の身分証明書が必要
相关信息: 北陸鉄道
咨询: 北陸鉄道・鉄道部 TEL：076-272-2221（9：00～17：00）",大人：500円,,,,,,,,,,１日,通年,,平日,,https://www2s.biglobe.ne.jp/~t_aoyagi/railway/free/map/hokutetu03.gif,,,https://www2s.biglobe.ne.jp/~t_aoyagi/railway/free/hokuriku93.htm | https://www.hokutetsu.co.jp/ticket/silver-free-eco/,"内灘,割出,北鉄金沢",,,,
90,hokusinetu_90,石川線平日限定シルバー1日フリーエコきっぷ 【70歳以上】,"石川線平日限定シルバー1日フリーエコきっぷ || 関連情報 | 北陸鉄道 || 問合わせ | 北陸鉄道・鉄道部 TEL：076-272-2221（9：00～17：00） || フリー区間 | / 石川線平日限定シルバー1日フリーエコきっぷ || 制限事項 | 70歳以上 / 購入時に公的機関発行の身分証明書が必要 || ねだん | 大人：600円 || 有効期間 | １日 || 発売期間 | 通年 || 利用期間 | 平日 || 発売箇所 | 野町,鶴来,新西金沢
限制事项: 70歳以上 / 購入時に公的機関発行の身分証明書が必要
相关信息: 北陸鉄道
咨询: 北陸鉄道・鉄道部 TEL：076-272-2221（9：00～17：00）",大人：600円,,,,,,,,,,１日,通年,,平日,,https://www2s.biglobe.ne.jp/~t_aoyagi/railway/free/map/hokutetu04.gif,,,https://www2s.biglobe.ne.jp/~t_aoyagi/railway/free/hokuriku92.htm | https://www.hokutetsu.co.jp/ticket/silver-free-eco/,"野町,鶴来,新西金沢",,,,
91,hokusinetu_91,浅野川線土日祝限定1日フリーエコきっぷ,"浅野川線 / 土日祝限定1日フリーエコきっぷ || 関連情報 | 北陸鉄道 のりまっし金沢 || 問合わせ | 北陸鉄道テレホンサービスセンター TEL:076-237-5115 || フリー区間 | / 浅野川線土日祝限定1日フリーエコきっぷ || 制限事項 || ねだん | 大人：500円／小人：250円 || 有効期間 | １日 || 発売期間 | 通年 || 利用期間 | 土日祝日 / 12月31日～1月3日を除く || 発売箇所 | 北鉄金沢,内灘 / デジタル版：のりまっし金沢
相关信息: 北陸鉄道 のりまっし金沢
咨询: 北陸鉄道テレホンサービスセンター TEL:076-237-5115",大人：500円／小人：250円,,,,,,,,,,１日,通年,,土日祝日 / 12月31日～1月3日を除く,,https://www2s.biglobe.ne.jp/~t_aoyagi/railway/free/gazou/hokuriku03.jpg | https://www2s.biglobe.ne.jp/~t_aoyagi/railway/free/map/hokutetu03.gif,,,https://www2s.biglobe.ne.jp/~t_aoyagi/railway/free/hokuriku03.htm | https://norimasshi.city.kanazawa.ishikawa.jp/main/detail.html?seq=5 | https://www.hokutetsu.co.jp/ticket/free-eco/,"北鉄金沢,内灘 / デジタル版：のりまっし金沢",,,,
92,hokusinetu_92,石川線土日祝限定1日フリーエコきっぷ,"石川線 / 土日祝限定1日フリーエコきっぷ || 関連情報 | 北陸鉄道 のりまっし金沢 || 問合わせ | 北陸鉄道テレホンサービスセンター TEL:076-237-5115 || フリー区間 | / 石川線土日祝限定1日フリーエコきっぷ || 制限事項 || ねだん | 大人：600円／小人：300円 || 有効期間 | １日 || 発売期間 | 通年 || 利用期間 | 土日祝日 / 12月31日～1月3日を除く || 発売箇所 | 野町,鶴来,新西金沢 / デジタル版：のりまっし金沢
相关信息: 北陸鉄道 のりまっし金沢
咨询: 北陸鉄道テレホンサービスセンター TEL:076-237-5115",大人：600円／小人：300円,,,,,,,,,,１日,通年,,土日祝日 / 12月31日～1月3日を除く,,https://www2s.biglobe.ne.jp/~t_aoyagi/railway/free/map/hokutetu04.gif,,,https://www2s.biglobe.ne.jp/~t_aoyagi/railway/free/hokuriku04.htm | https://norimasshi.city.kanazawa.ishikawa.jp/ | https://norimasshi.city.kanazawa.ishikawa.jp/main/detail.html?seq=4 | https://www.hokutetsu.co.jp/ticket/free-eco/,"野町,鶴来,新西金沢 / デジタル版：のりまっし金沢",,,,
93,hokusinetu_93,コロプラ☆石川線・浅野川線1日フリーきっぷ,"コロプラ☆石川線・浅野川線1日フリーきっぷ || 関連情報 | 北陸鉄道 コロプラ || 問合わせ | 北陸鉄道・鉄道部 TEL：076-204-9605（9：00～17：00） || フリー区間 | / コロプラ☆石川線・浅野川線1日フリーきっぷ || 制限事項 || ねだん | 大人：1,600円 || 有効期間 | １日 || 発売期間 | 2012年12月13日～2027年3月31日 || 利用期間 | 2012年12月13日～2027年3月31日 || 発売箇所 | 北鉄金沢
相关信息: 北陸鉄道 コロプラ
咨询: 北陸鉄道・鉄道部 TEL：076-204-9605（9：00～17：00）","大人：1,600円",,,,,,,,,,１日,2012年12月13日～2027年3月31日,,2012年12月13日～2027年3月31日,,https://www2s.biglobe.ne.jp/~t_aoyagi/railway/free/map/hokutetu.gif,,,https://www2s.biglobe.ne.jp/~t_aoyagi/railway/free/hokuriku91.htm | https://colopl.co.jp/service/other/coloca/transport/area03/norimono_hokuriku/ | https://www.hokutetsu.co.jp/ticket/colopl/,北鉄金沢,,,,
94,hokusinetu_94,北陸３県２Ｄａｙパス,"北陸３県２Ｄａｙパス || 関連情報 | ハピラインふくい IRいしかわ鉄道 あいの風とやま鉄道 / RYDE PASS my route tabiwa by WESTER ジョルダンモバイルチケット || 問合わせ | ハピラインふくい：0776-20-0294 / IRいしかわ鉄道：0778-22-0617 / あいの風とやま鉄道：0778-21-0706 || フリー区間 | 北陸３県２Ｄａｙパス || 制限事項 || ねだん | 大人：2,800円／小人：1,400円 || 有効期間 | ２日間 || 発売期間 | 2024年3月16日～2027年3月31日 || 利用期間 | 2024年3月16日～2027年3月31日の土曜日・日曜日・祝日とその翌日 / 2026年4月1日～2026年4月9日 / 2026年4月27日～2026年5月7日 / 2026年7月21日～2026年8月31日 / 2025年9月13日～2025年9月24日 / 2026年12月1日～2027年1月7日 / 2026年3月22日～2027年3月31日 / || 発売箇所 | RYDE PASS my route tabiwa by WESTER ふくアプリ(ふくいMaaS) ジョルダンモバイルチケット
相关信息: ハピラインふくい IRいしかわ鉄道 あいの風とやま鉄道 / RYDE PASS my route tabiwa by WESTER ジョルダンモバイルチケット
咨询: ハピラインふくい：0776-20-0294 / IRいしかわ鉄道：0778-22-0617 / あいの風とやま鉄道：0778-21-0706","大人：2,800円／小人：1,400円",,,,,,,,,,２日間,2024年3月16日～2027年3月31日,,2024年3月16日～2027年3月31日の土曜日・日曜日・祝日とその翌日 / 2026年4月1日～2026年4月9日 / 2026年4月27日～2026年5月7日 / 2026年7月21日～2026年8月31日 / 2025年9月13日～2025年9月24日 / 2026年12月1日～2027年1月7日 / 2026年3月22日～2027年3月31日 /,,https://www2s.biglobe.ne.jp/~t_aoyagi/railway/free/map/hokuriku3ken.gif,,,https://www2s.biglobe.ne.jp/~t_aoyagi/railway/free/hokuriku3ken.htm | https://ainokaze.co.jp/ticket/plan#s01 | https://app.tabi-wester.westjr.co.jp/eticketDetails?ticket_id=N3002300 | https://fukui-maas.jp/ | https://pass.ryde-go.com/products/D1R2L4SWPQ8V | https://ticket.jorudan.co.jp/ishikawa-railway/hokuriku/ja/ | https://top.myroute.fun/ticket/fukui | https://top.myroute.fun/ticket/ishikawa | https://www.hapi-line.co.jp/ticket/ticket_plan/05 | https://www.ishikawa-railway.jp/ticket/ticket_plan/,RYDE PASS my route tabiwa by WESTER ふくアプリ(ふくいMaaS) ジョルダンモバイルチケット,,,,
95,hokusinetu_95,ハピラインふくい１日フリーきっぷ,"ハピラインふくい 1日フリーきっぷ || 関連情報 | ハピラインふくい tabiwa || 問合わせ | ハピラインふくい：0776-20-0294 || フリー区間 | ハピラインふくい 1日フリーきっぷ || 制限事項 || ねだん | 大人：1,500円／小人：750円 || 有効期間 | 1日間 || 発売期間 | 2024年3月16日～2027年3月28日 || 利用期間 | 2024年3月16日～2027年3月28日の土休日 / 2026年4月27日～2026年5月6日 / 2026年8月10日～2026年8月14日 / 2026年12月28日～2026年12月31日 / || 発売箇所 | 敦賀,武生,鯖江,福井,芦原温泉 / tabiwa,ふくアプリ(ふくいMaaS)
相关信息: ハピラインふくい tabiwa
咨询: ハピラインふくい：0776-20-0294","大人：1,500円／小人：750円",,,,,,,,,,1日間,2024年3月16日～2027年3月28日,,2024年3月16日～2027年3月28日の土休日 / 2026年4月27日～2026年5月6日 / 2026年8月10日～2026年8月14日 / 2026年12月28日～2026年12月31日 /,,https://www2s.biglobe.ne.jp/~t_aoyagi/railway/free/map/hapilinefukui01.gif,,,https://www2s.biglobe.ne.jp/~t_aoyagi/railway/free/hapilinefukui01.htm | https://app.tabi-wester.westjr.co.jp/eticketDetails?ticket_id=N3002400 | https://fukuappli.jp/ | https://www.hapi-line.co.jp/ticket/ticket_plan/,"敦賀,武生,鯖江,福井,芦原温泉 / tabiwa,ふくアプリ(ふくいMaaS)",,,,
96,hokusinetu_96,えちぜん鉄道１日フリーきっぷ(恐竜博物館セット券),"えちぜん鉄道１日フリーきっぷ / (恐竜博物館セット券) || 関連情報 | えちぜん鉄道 || 問合わせ | えちぜん鉄道 TEL:0120-840-508 || フリー区間 | えちぜん鉄道１日フリーきっぷ(恐竜博物館セット券) || 制限事項 | 三国花火大会当日(8月11日),恐竜博物館休館日は利用不可 / || ねだん | 大人：1,700円／小人：900円 / ※特別展開催時は値段が変わります。 / || 有効期間 | １日 || 発売期間 | 通年 || 利用期間 | 発売当日 || 発売箇所 | 福井鉄道有人駅(一部を除く)
限制事项: 三国花火大会当日(8月11日),恐竜博物館休館日は利用不可 /
相关信息: えちぜん鉄道
咨询: えちぜん鉄道 TEL:0120-840-508","大人：1,700円／小人：900円 / ※特別展開催時は値段が変わります。 /",,,,,,,,,,１日,通年,,発売当日,,https://www2s.biglobe.ne.jp/~t_aoyagi/railway/free/gazou/etizen03.jpg | https://www2s.biglobe.ne.jp/~t_aoyagi/railway/free/map/etizen03.gif,,,https://www2s.biglobe.ne.jp/~t_aoyagi/railway/free/etizen03.htm | https://www.echizen-tetudo.co.jp/fare/special.html,福井鉄道有人駅(一部を除く),,,,
97,hokusinetu_97,あわら温泉宿泊フリーきっぷ,"あわら温泉宿泊フリーきっぷ || 関連情報 | えちぜん鉄道 || 問合わせ | えちぜん鉄道 TEL:0776-52-8888 || フリー区間 | あわら温泉宿泊フリーきっぷ || 制限事項 | 宿の割り印がないものは、2日目は無効三国花火大会(8/10～8/11)は利用不可 / || ねだん | 大人：2,500円 / || 有効期間 | 2日間 || 発売期間 | 通年 || 利用期間 | 通年 || 発売箇所 | 福井鉄道有人駅(一部を除く),アテンダント
限制事项: 宿の割り印がないものは、2日目は無効三国花火大会(8/10～8/11)は利用不可 /
相关信息: えちぜん鉄道
咨询: えちぜん鉄道 TEL:0776-52-8888","大人：2,500円 /",,,,,,,,,,2日間,通年,,通年,,https://www2s.biglobe.ne.jp/~t_aoyagi/railway/free/map/etizen01.gif,,,https://www2s.biglobe.ne.jp/~t_aoyagi/railway/free/etizen04.htm | https://www.echizen-tetudo.co.jp/fare/special.html,"福井鉄道有人駅(一部を除く),アテンダント",,,,
98,hokusinetu_98,ふくふくきっぷ,"ふくふくきっぷ || 関連情報 | ふくいMaaS || 問合わせ || フリー区間 | ふくふくきっぷ || 制限事項 || ねだん | 大人：2,900円／小人：1,450円 || 有効期間 | 利用開始から29時間 || 発売期間 | 通年 || 利用期間 | 金・土・日 || 発売箇所 | ふくいMaaS
相关信息: ふくいMaaS","大人：2,900円／小人：1,450円",,,,,,,,,,利用開始から29時間,通年,,金・土・日,,https://www2s.biglobe.ne.jp/~t_aoyagi/railway/free/map/fukuimaas01.gif,,,https://www2s.biglobe.ne.jp/~t_aoyagi/railway/free/fukui_maas01.htm | https://fukui-maas.jp/#ticket,ふくいMaaS,,,,
99,hokusinetu_99,一日フリーきっぷ,"一日フリーきっぷ || 関連情報 | えちぜん鉄道 RYDE PASS || 問合わせ | えちぜん鉄道 TEL:0776-52-8888 || フリー区間 | 一日フリーきっぷ || 制限事項 | 三国花火大会開催日(8月11日)は使用できない。 / || ねだん | 大人：1,200円／小人：600円 / えちてつサポーターズクラブ会員 / ゴールド会員：900円／大人：1,000円／小人：500円 / || 有効期間 | １日 || 発売期間 | 通年 || 利用期間 | 土曜・日曜・祝日 || 発売箇所 | 福井,福井口,越前開発,越前新保,観音町,松岡,永平寺口,西別院,田原町,福大前西福井,新田塚,あわら湯のまち,三国,勝山 / RYDE PASS
限制事项: 三国花火大会開催日(8月11日)は使用できない。 /
相关信息: えちぜん鉄道 RYDE PASS
咨询: えちぜん鉄道 TEL:0776-52-8888","大人：1,200円／小人：600円 / えちてつサポーターズクラブ会員 / ゴールド会員：900円／大人：1,000円／小人：500円 /",,,,,,,,,,１日,通年,,土曜・日曜・祝日,,https://www2s.biglobe.ne.jp/~t_aoyagi/railway/free/gazou/etizen.jpg | https://www2s.biglobe.ne.jp/~t_aoyagi/railway/free/map/etizen01.gif,,,https://www2s.biglobe.ne.jp/~t_aoyagi/railway/free/etizen01.htm | https://pass.ryde-go.com/products/9Q73G1MSP9RV | https://www.echizen-tetudo.co.jp/fare/1day.html,"福井,福井口,越前開発,越前新保,観音町,松岡,永平寺口,西別院,田原町,福大前西福井,新田塚,あわら湯のまち,三国,勝山 / RYDE PASS",,,,
100,hokusinetu_100,福井鐵道・えちぜん鉄道共通１日フリーきっぷ,"福井鉄道・えちぜん鉄道共通１日フリーきっぷ || 関連情報 | えちぜん鉄道 福井鉄道 RYDE PASS（ライドパス） || 問合わせ | 福井鉄道・鉄道部 TEL:0778-21-0706 / えちぜん鉄道 TEL:0120-840-508 || フリー区間 | 福井鉄道・えちぜん鉄道共通１日フリーきっぷ || 制限事項 | 三国花火大会開催日(8月11日)は使用できません。 || ねだん | 大人：1,700円／小人：850円 || 有効期間 | １日間 || 発売期間 | 通年 || 利用期間 | 土曜・日曜・祝日および会社が指定した日 || 発売箇所 | 福井鉄道・えちぜん鉄道各有人駅および乗務員 / RYDE PASS（ライドパス）
限制事项: 三国花火大会開催日(8月11日)は使用できません。
相关信息: えちぜん鉄道 福井鉄道 RYDE PASS（ライドパス）
咨询: 福井鉄道・鉄道部 TEL:0778-21-0706 / えちぜん鉄道 TEL:0120-840-508","大人：1,700円／小人：850円",,,,,,,,,,１日間,通年,,土曜・日曜・祝日および会社が指定した日,,https://www2s.biglobe.ne.jp/~t_aoyagi/railway/free/gazou/etizenfukui01.jpg | https://www2s.biglobe.ne.jp/~t_aoyagi/railway/free/map/echifuku.gif,,,https://www2s.biglobe.ne.jp/~t_aoyagi/railway/free/etizenfukui01.htm | https://fukutetsu.jp/train/tickets1.php#collapse3 | https://pass.ryde-go.com/products/GQV304YS6D89 | https://www.echizen-tetudo.co.jp/fare/special.html,福井鉄道・えちぜん鉄道各有人駅および乗務員 / RYDE PASS（ライドパス）,,,,
101,hokusinetu_101,カイリュー１日フリーきっぷ,"カイリュー１日フリーきっぷ || 関連情報 | えちぜん鉄道 || 問合わせ | えちぜん鉄道 TEL:0776-52-8888 || フリー区間 | カイリュー１日フリーきっぷ || 制限事項 | えちてつ沿線周遊スタンプラリーのキット商品 || ねだん | 大人：1,800円／小人：1,000円 / || 有効期間 | １日 || 発売期間 | 2025年8月2日～2025年12月31日 || 利用期間 | 2025年8月2日～2025年12月31日 || 発売箇所 | 福井,あわら湯のまち,三国,勝山 /
限制事项: えちてつ沿線周遊スタンプラリーのキット商品
相关信息: えちぜん鉄道
咨询: えちぜん鉄道 TEL:0776-52-8888","大人：1,800円／小人：1,000円 /",,,,,,,,,,１日,2025年8月2日～2025年12月31日,,2025年8月2日～2025年12月31日,,https://www2s.biglobe.ne.jp/~t_aoyagi/railway/free/map/etizen01.gif,,,https://www2s.biglobe.ne.jp/~t_aoyagi/railway/free/etizen91.htm | https://www.echizen-tetudo.co.jp/news/2025/07/3026199.html,"福井,あわら湯のまち,三国,勝山 /",,,,
102,hokusinetu_102,ふくふくきっぷ,"ふくふくきっぷ || 関連情報 | ふくいMaaS || 問合わせ || フリー区間 | ふくふくきっぷ || 制限事項 || ねだん | 大人：2,900円／小人：1,450円 || 有効期間 | 利用開始から29時間 || 発売期間 | 通年 || 利用期間 | 金・土・日 || 発売箇所 | ふくいMaaS
相关信息: ふくいMaaS","大人：2,900円／小人：1,450円",,,,,,,,,,利用開始から29時間,通年,,金・土・日,,https://www2s.biglobe.ne.jp/~t_aoyagi/railway/free/map/fukuimaas01.gif,,,https://www2s.biglobe.ne.jp/~t_aoyagi/railway/free/fukui_maas01.htm | https://fukui-maas.jp/#ticket,ふくいMaaS,,,,
103,hokusinetu_103,福福茶屋食事券付１日フリー乗車券,"福福茶屋食事券付 / １日フリー乗車券 || 関連情報 | 福井鉄道 || 問合わせ | たけふ新駅 TEL:0778-22-0617 || フリー区間 | 福福茶屋食事券付１日フリー乗車券 || 制限事項 | 福井駅前ハピリン2階の福福茶屋での食事券付 || ねだん | 2,200円 || 有効期間 | １日間 || 発売期間 | 通年 / || 利用期間 | 通年 / || 発売箇所 | たけふ新,神明,浅水,田原町 / まちなか案内所 / ふくい観光案内所
限制事项: 福井駅前ハピリン2階の福福茶屋での食事券付
相关信息: 福井鉄道
咨询: たけふ新駅 TEL:0778-22-0617","2,200円",,,,,,,,,,１日間,通年 /,,通年 /,,https://www2s.biglobe.ne.jp/~t_aoyagi/railway/free/map/fukui.gif,,,https://www2s.biglobe.ne.jp/~t_aoyagi/railway/free/fukutetu73.htm | https://fukutetsu.jp/train/tickets1.php#collapse18,"たけふ新,神明,浅水,田原町 / まちなか案内所 / ふくい観光案内所",,,,
104,hokusinetu_104,恐竜博物館交通フリー乗車券,"恐竜博物館交通フリー乗車券 || 関連情報 | 福井鉄道 || 問合わせ | 福井鉄道・鉄道部 TEL:0778-21-0706 / || フリー区間 | 恐竜博物館交通フリー乗車券 || 制限事項 | 恐竜博物館休館日は使用不可事前に福井県立恐竜博物館公式サイトで、観覧券購入が必要えちぜん鉄道「恐竜列車」は乗車不可えちぜん鉄道勝山駅～恐竜博物館のバスは往復 || ねだん | 大人：2,100円／小人：1,100円 || 有効期間 | １日間 || 発売期間 | 通年 || 利用期間 | 通年 || 発売箇所 | たけふ新,神明,浅水,田原町 各駅窓口 / まちなか案内所,ふくい観光案内所
限制事项: 恐竜博物館休館日は使用不可事前に福井県立恐竜博物館公式サイトで、観覧券購入が必要えちぜん鉄道「恐竜列車」は乗車不可えちぜん鉄道勝山駅～恐竜博物館のバスは往復
相关信息: 福井鉄道
咨询: 福井鉄道・鉄道部 TEL:0778-21-0706 /","大人：2,100円／小人：1,100円",,,,,,,,,,１日間,通年,,通年,,https://www2s.biglobe.ne.jp/~t_aoyagi/railway/free/map/echifuku02.gif,,,https://www2s.biglobe.ne.jp/~t_aoyagi/railway/free/etizenfukui02.htm | https://fukutetsu.jp/train/tickets1.php#collapse26 | https://www.dinosaur.pref.fukui.jp/,"たけふ新,神明,浅水,田原町 各駅窓口 / まちなか案内所,ふくい観光案内所",,,,
105,hokusinetu_105,土・日・祝日１日フリー乗車券,"土・日・祝日１日フリー乗車券 || 関連情報 | 福井鉄道 RYDE PASS(ライドパス) || 問合わせ | 福井鉄道・鉄道部 TEL:0778-21-0706 || フリー区間 | 土・日・祝日１日フリー乗車券 || 制限事項 || ねだん | 大人：600円／小人：300円 || 有効期間 | １日間 || 発売期間 | 通年 || 利用期間 | 土・日・祝日または福井鉄道が指定する日 || 発売箇所 | 【窓口】たけふ新,神明,浅水,田原町 / 【券売機】たけふ新,北府,西鯖江,神明,浅水,赤十字前,福井駅,田原町 / 【車内】運転士が発売 / 【スマートフォン】RYDE PASS（ライドパス）アプリ
相关信息: 福井鉄道 RYDE PASS(ライドパス)
咨询: 福井鉄道・鉄道部 TEL:0778-21-0706",大人：600円／小人：300円,,,,,,,,,,１日間,通年,,土・日・祝日または福井鉄道が指定する日,,https://www2s.biglobe.ne.jp/~t_aoyagi/railway/free/map/fukui.gif,,,https://www2s.biglobe.ne.jp/~t_aoyagi/railway/free/fukutetu01.htm | https://fukutetsu.jp/train/tickets1.php#collapse12 | https://pass.ryde-go.com/products/52X3KWESJV30,"【窓口】たけふ新,神明,浅水,田原町 / 【券売機】たけふ新,北府,西鯖江,神明,浅水,赤十字前,福井駅,田原町 / 【車内】運転士が発売 / 【スマートフォン】RYDE PASS（ライドパス）アプリ",,,,
106,hokusinetu_106,電車・バス休日フリーきっぷ,"電車・バス休日フリーきっぷ || 関連情報 | 福井鉄道 || 問合わせ | たけふ新駅 TEL:0778-22-0617 / 福鉄バスチケットセンター TEL:0778-21-3330 || フリー区間 | 電車・バス休日フリーきっぷ || 制限事項 || ねだん | 大人：1,300円／小人：650円 / ファミリー(大人2名または大人1名小人2名)：2,400円 || 有効期間 | 発売日から3ヶ月以内の1日 || 発売期間 | 通年 || 利用期間 | 土・日・祝日、12月30日～1月3日 || 発売箇所 | 【窓口】たけふ新,神明,浅水,田原町 /
相关信息: 福井鉄道
咨询: たけふ新駅 TEL:0778-22-0617 / 福鉄バスチケットセンター TEL:0778-21-3330","大人：1,300円／小人：650円 / ファミリー(大人2名または大人1名小人2名)：2,400円",,,,,,,,,,発売日から3ヶ月以内の1日,通年,,土・日・祝日、12月30日～1月3日,,https://www2s.biglobe.ne.jp/~t_aoyagi/railway/free/map/fukui02.gif,,,https://www2s.biglobe.ne.jp/~t_aoyagi/railway/free/fukutetu05.htm | https://fukutetsu.jp/train/tickets1.php#collapse17,"【窓口】たけふ新,神明,浅水,田原町 /",,,,
107,hokusinetu_107,福井鐵道・えちぜん鉄道共通１日フリーきっぷ,"福井鉄道・えちぜん鉄道共通１日フリーきっぷ || 関連情報 | えちぜん鉄道 福井鉄道 RYDE PASS（ライドパス） || 問合わせ | 福井鉄道・鉄道部 TEL:0778-21-0706 / えちぜん鉄道 TEL:0120-840-508 || フリー区間 | 福井鉄道・えちぜん鉄道共通１日フリーきっぷ || 制限事項 | 三国花火大会開催日(8月11日)は使用できません。 || ねだん | 大人：1,700円／小人：850円 || 有効期間 | １日間 || 発売期間 | 通年 || 利用期間 | 土曜・日曜・祝日および会社が指定した日 || 発売箇所 | 福井鉄道・えちぜん鉄道各有人駅および乗務員 / RYDE PASS（ライドパス）
限制事项: 三国花火大会開催日(8月11日)は使用できません。
相关信息: えちぜん鉄道 福井鉄道 RYDE PASS（ライドパス）
咨询: 福井鉄道・鉄道部 TEL:0778-21-0706 / えちぜん鉄道 TEL:0120-840-508","大人：1,700円／小人：850円",,,,,,,,,,１日間,通年,,土曜・日曜・祝日および会社が指定した日,,https://www2s.biglobe.ne.jp/~t_aoyagi/railway/free/gazou/etizenfukui01.jpg | https://www2s.biglobe.ne.jp/~t_aoyagi/railway/free/map/echifuku.gif,,,https://www2s.biglobe.ne.jp/~t_aoyagi/railway/free/etizenfukui01.htm | https://fukutetsu.jp/train/tickets1.php#collapse3 | https://pass.ryde-go.com/products/GQV304YS6D89 | https://www.echizen-tetudo.co.jp/fare/special.html,福井鉄道・えちぜん鉄道各有人駅および乗務員 / RYDE PASS（ライドパス）,,,,
108,hokusinetu_108,ご家族フリーきっぷ,"ご家族フリーきっぷ || 関連情報 | 福井鉄道 / || 問合わせ | 福井鉄道・たけふ新駅 TEL:0778-22-0617 / 福井鉄道・鉄道営業部 TEL:0778-21-0706 || フリー区間 | ご家族フリーきっぷ || 制限事項 || ねだん | 大人2名＋小人2名：1,200円 / 大人1名＋小人2名：800円 || 有効期間 | １日間 || 発売期間 | 通年 || 利用期間 | 土日祝日 / 夏休み期間(7月21日～8月31日) / 冬休ﾐ期間(12月24日～1月7日) || 発売箇所 | たけふ新,神明,浅水,田原町 / 福井駅西口まちなか案内所
相关信息: 福井鉄道 /
咨询: 福井鉄道・たけふ新駅 TEL:0778-22-0617 / 福井鉄道・鉄道営業部 TEL:0778-21-0706","大人2名＋小人2名：1,200円 / 大人1名＋小人2名：800円",,,,,,,,,,１日間,通年,,土日祝日 / 夏休み期間(7月21日～8月31日) / 冬休ﾐ期間(12月24日～1月7日),,https://www2s.biglobe.ne.jp/~t_aoyagi/railway/free/map/fuktetsu98.gif,,,https://www2s.biglobe.ne.jp/~t_aoyagi/railway/free/fukutetu77.htm | https://fukutetsu.jp/train/tickets1.php#collapse20,"たけふ新,神明,浅水,田原町 / 福井駅西口まちなか案内所",,,,
109,hokusinetu_109,プレミア1日フリー乗車券 【65歳以上】,"プレミア1日フリー乗車券 || 関連情報 | 福井鉄道 RYDE PASS || 問合わせ | 福井鉄道・鉄道部 TEL:0778-21-0706 || フリー区間 | プレミア1日フリー乗車券 || 制限事項 | 越前市・鯖江市・福井市在住の65歳以上または自動車運転免許を返納された方事前にプレミア会員の登録が必要 || ねだん | 大人：500円 || 有効期間 | １日間 || 発売期間 | 通年 / 前売りは発売日から3ヶ月前 || 利用期間 | 通年 || 発売箇所 | 【窓口】たけふ新,神明,浅水,田原町 / 【券売機】たけふ新,北府,西鯖江,神明,浅水,赤十字前,福井駅,田原町 / 【スマートフォン】RYDE PASS
限制事项: 越前市・鯖江市・福井市在住の65歳以上または自動車運転免許を返納された方事前にプレミア会員の登録が必要
相关信息: 福井鉄道 RYDE PASS
咨询: 福井鉄道・鉄道部 TEL:0778-21-0706",大人：500円,,,,,,,,,,１日間,通年 / 前売りは発売日から3ヶ月前,,通年,,https://www2s.biglobe.ne.jp/~t_aoyagi/railway/free/map/fukui.gif,,,https://www2s.biglobe.ne.jp/~t_aoyagi/railway/free/fukutetu04.htm | https://fukutetsu.jp/train/tickets1.php#collapse1 | https://pass.ryde-go.com/products/9Z78QWVS028N,"【窓口】たけふ新,神明,浅水,田原町 / 【券売機】たけふ新,北府,西鯖江,神明,浅水,赤十字前,福井駅,田原町 / 【スマートフォン】RYDE PASS",,,,
110,hokusinetu_110,合格祈願１日フリーきっぷ,"合格祈願１日フリーきっぷ || 関連情報 | 福井鉄道 || 問合わせ | 福井鉄道・たけふ新駅 TEL:0778-22-0617 || フリー区間 | 合格祈願１日フリーきっぷ || 制限事項 || ねだん | 大人：1,100円 || 有効期間 | １日間 || 発売期間 | 2024年1月6日～2024年2月28日 || 利用期間 | 2024年1月6日～2024年3月31日 || 発売箇所 | たけふ新,神明,浅水,田原町 / 福井鉄道グッツ販売
相关信息: 福井鉄道
咨询: 福井鉄道・たけふ新駅 TEL:0778-22-0617","大人：1,100円",,,,,,,,,,１日間,2024年1月6日～2024年2月28日,,2024年1月6日～2024年3月31日,,https://www2s.biglobe.ne.jp/~t_aoyagi/railway/free/map/fukui.gif,,,https://www2s.biglobe.ne.jp/~t_aoyagi/railway/free/fukutetu92.htm | https://fukutetsu.jp/goodsShop.php | https://fukutetsu.jp/newsDetail.php?num=427,"たけふ新,神明,浅水,田原町 / 福井鉄道グッツ販売",,,,
111,hokusinetu_111,サンドームふくいコンサートフリーきっぷ,"サンドームふくいコンサートフリーきっぷ || 関連情報 | 福井鉄道 || 問合わせ | たけふ新駅 TEL:0778-22-0617 || フリー区間 | サンドームふくいコンサートフリーきっぷ || 制限事項 || ねだん | 大人：500円／小人：250円 || 有効期間 | １日間 || 発売期間 | 2026年5月16日 / 2026年3月14日 / 2026年2月7日,8日 / 2026年1月24日 / 2025年12月6日,7日 / 2025年11月15日,16日 / 2025年10月18日 / 2025年9月6日,7日 / || 利用期間 | 2026年5月16日 / 2026年3月14日 / 2026年2月7日,8日 / 2026年1月24日 / 2025年12月6日,7日 / 2025年11月15日,16日 / 2025年10月18日 / 2025年9月6日,7日 / || 発売箇所 | ふくいMaaS
相关信息: 福井鉄道
咨询: たけふ新駅 TEL:0778-22-0617",大人：500円／小人：250円,,,,,,,,,,１日間,"2026年5月16日 / 2026年3月14日 / 2026年2月7日,8日 / 2026年1月24日 / 2025年12月6日,7日 / 2025年11月15日,16日 / 2025年10月18日 / 2025年9月6日,7日 /",,"2026年5月16日 / 2026年3月14日 / 2026年2月7日,8日 / 2026年1月24日 / 2025年12月6日,7日 / 2025年11月15日,16日 / 2025年10月18日 / 2025年9月6日,7日 /",,https://www2s.biglobe.ne.jp/~t_aoyagi/railway/free/map/fukui.gif,,,https://www2s.biglobe.ne.jp/~t_aoyagi/railway/free/fukutetu74.htm | https://fukui-maas.jp/#ticket | https://fukutetsu.jp/newsDetail.php?num=569,ふくいMaaS,,,,
112,hokusinetu_112,ハーモニーホールふくい公演フリーきっぷ,"ハーモニーホールふくい公演フリーきっぷ || 関連情報 | 福井鉄道 || 問合わせ | たけふ新駅 TEL:0778-22-0617 || フリー区間 | ハーモニーホールふくい公演フリーきっぷ || 制限事項 || ねだん | 大人：500円／小人：250円 || 有効期間 | １日間 || 発売期間 | 2026年5月1日,6日,30日 / 2026年3月20日,21日,22日 / 2026年2月20日,21日,22日,23日 / 2026年1月10日,18日 / 2025年12月5日,13日 / 2025年11月9日,11日,22日,29日,30日 / 2025年10月5日,24日 / 2025年9月6日,9日,21日,24日 / || 利用期間 | 2026年5月1日,6日,30日 / 2026年3月20日,21日,22日 / 2026年2月20日,21日,22日,23日 / 2026年1月10日,18日 / 2025年12月5日,13日 / 2025年11月9日,11日,22日,29日,30日 / 2025年10月5日,24日 / 2025年9月6日,9日,21日,24日 / || 発売箇所 | ふくいMaaS
相关信息: 福井鉄道
咨询: たけふ新駅 TEL:0778-22-0617",大人：500円／小人：250円,,,,,,,,,,１日間,"2026年5月1日,6日,30日 / 2026年3月20日,21日,22日 / 2026年2月20日,21日,22日,23日 / 2026年1月10日,18日 / 2025年12月5日,13日 / 2025年11月9日,11日,22日,29日,30日 / 2025年10月5日,24日 / 2025年9月6日,9日,21日,24日 /",,"2026年5月1日,6日,30日 / 2026年3月20日,21日,22日 / 2026年2月20日,21日,22日,23日 / 2026年1月10日,18日 / 2025年12月5日,13日 / 2025年11月9日,11日,22日,29日,30日 / 2025年10月5日,24日 / 2025年9月6日,9日,21日,24日 /",,https://www2s.biglobe.ne.jp/~t_aoyagi/railway/free/map/fukui.gif,,,https://www2s.biglobe.ne.jp/~t_aoyagi/railway/free/fukutetu75.htm | https://fukui-maas.jp/#ticket | https://fukutetsu.jp/newsDetail.php?num=569,ふくいMaaS,,,,
113,hokusinetu_113,ふくいまちなかイベントフリーきっぷ,"ふくいまちなかイベントフリーきっぷ || 関連情報 | 福井鉄道 ふくいMaaS || 問合わせ | 福井鉄道・たけふ新駅 TEL:0778-22-0617 / 福井鉄道・鉄道営業部 TEL:0778-21-0706 || フリー区間 | ふくいまちなかイベントフリーきっぷ || 制限事項 || ねだん | 大人：300円／小人：150円 || 有効期間 | １日間 || 発売期間 | 2026年5月1日,31日 / 2026年3月1日,29日 / 2025年12月20日 / 2025年11月5日,23日 / 2025年10月5日,18日,19日 / 2025年9月4日,10日,21日,23日 / || 利用期間 | 2026年5月1日,31日 / 2026年3月1日,29日 / 2025年12月20日 / 2025年11月5日,23日 / 2025年10月5日,18日,19日 / 2025年9月4日,10日,21日,23日 / || 発売箇所 | ふくいMaaS
相关信息: 福井鉄道 ふくいMaaS
咨询: 福井鉄道・たけふ新駅 TEL:0778-22-0617 / 福井鉄道・鉄道営業部 TEL:0778-21-0706",大人：300円／小人：150円,,,,,,,,,,１日間,"2026年5月1日,31日 / 2026年3月1日,29日 / 2025年12月20日 / 2025年11月5日,23日 / 2025年10月5日,18日,19日 / 2025年9月4日,10日,21日,23日 /",,"2026年5月1日,31日 / 2026年3月1日,29日 / 2025年12月20日 / 2025年11月5日,23日 / 2025年10月5日,18日,19日 / 2025年9月4日,10日,21日,23日 /",,https://www2s.biglobe.ne.jp/~t_aoyagi/railway/free/map/fuktetsu98.gif,,,https://www2s.biglobe.ne.jp/~t_aoyagi/railway/free/fukutetu76.htm | https://fukui-maas.jp/#ticket | https://fukutetsu.jp/newsDetail.php?num=569,ふくいMaaS,,,,
114,hokusinetu_114,西山公園イベントフリーきっぷ,"西山公園イベントフリーきっぷ || 関連情報 | 福井鉄道 / ふくいMaaS || 問合わせ | 福井鉄道・たけふ新駅 TEL:0778-22-0617 / 福井鉄道・鉄道営業部 TEL:0778-21-0706 || フリー区間 | 西山公園イベントフリーきっぷ || 制限事項 || ねだん | 大人：500円／小人：250円 || 有効期間 | １日間 || 発売期間 | 2026年5月3日～5日 / 2025年10月18日,19日 / || 利用期間 | 2026年5月3日～5日 / 2025年10月18日,19日 / || 発売箇所 | ふくいMaaS
相关信息: 福井鉄道 / ふくいMaaS
咨询: 福井鉄道・たけふ新駅 TEL:0778-22-0617 / 福井鉄道・鉄道営業部 TEL:0778-21-0706",大人：500円／小人：250円,,,,,,,,,,１日間,"2026年5月3日～5日 / 2025年10月18日,19日 /",,"2026年5月3日～5日 / 2025年10月18日,19日 /",,https://www2s.biglobe.ne.jp/~t_aoyagi/railway/free/map/fuktetsu98.gif,,,https://www2s.biglobe.ne.jp/~t_aoyagi/railway/free/fukutetu78.htm | https://fukui-maas.jp/#ticket | https://fukutetsu.jp/newsDetail.php?num=569,ふくいMaaS,,,,
